id,filename,status,issue_codes,path
ambulance_01,ambulance_01.png,pass,,C:\Users\USER\RastalR-Modern\staging\pending\normalized\ambulance_01.png
anesthesia_machine_01,anesthesia_machine_01.png,pass,,C:\Users\USER\RastalR-Modern\staging\pending\normalized\anesthesia_machine_01.png
automated_chemistry_analyzer_01,automated_chemistry_analyzer_01.png,pass,,C:\Users\USER\RastalR-Modern\staging\pending\normalized\automated_chemistry_analyzer_01.png
automated_medication_dispensing_cabinet_01,automated_medication_dispensing_cabinet_01.png,pass,,C:\Users\USER\RastalR-Modern\staging\pending\normalized\automated_medication_dispensing_cabinet_01.png
bedside_cabinet_01,bedside_cabinet_01.png,pass,,C:\Users\USER\RastalR-Modern\staging\pending\normalized\bedside_cabinet_01.png
bedside_cabinet_drawers_01,bedside_cabinet_drawers_01.png,pass,,C:\Users\USER\RastalR-Modern\staging\pending\normalized\bedside_cabinet_drawers_01.png
bedside_reading_light_01,bedside_reading_light_01.png,pass,,C:\Users\USER\RastalR-Modern\staging\pending\normalized\bedside_reading_light_01.png
bedside_step_01,bedside_step_01.png,pass,,C:\Users\USER\RastalR-Modern\staging\pending\normalized\bedside_step_01.png
blood_pressure_monitor_01,blood_pressure_monitor_01.png,pass,,C:\Users\USER\RastalR-Modern\staging\pending\normalized\blood_pressure_monitor_01.png
brochure_rack_01,brochure_rack_01.png,warning,touching_canvas_edge,C:\Users\USER\RastalR-Modern\staging\pending\normalized\brochure_rack_01.png
contrast_media_warmer_01,contrast_media_warmer_01.png,warning,touching_canvas_edge,C:\Users\USER\RastalR-Modern\staging\pending\normalized\contrast_media_warmer_01.png
controlled_substance_safe_01,controlled_substance_safe_01.png,pass,,C:\Users\USER\RastalR-Modern\staging\pending\normalized\controlled_substance_safe_01.png
crash_cart_equipped_01,crash_cart_equipped_01.png,pass,,C:\Users\USER\RastalR-Modern\staging\pending\normalized\crash_cart_equipped_01.png
cryogenic_storage_dewar_01,cryogenic_storage_dewar_01.png,warning,touching_canvas_edge,C:\Users\USER\RastalR-Modern\staging\pending\normalized\cryogenic_storage_dewar_01.png
ct_mri_coil_storage_rack_01,ct_mri_coil_storage_rack_01.png,warning,touching_canvas_edge,C:\Users\USER\RastalR-Modern\staging\pending\normalized\ct_mri_coil_storage_rack_01.png
ct_scanner_01,ct_scanner_01.png,pass,,C:\Users\USER\RastalR-Modern\staging\pending\normalized\ct_scanner_01.png
dexa_bone_density_scanner_01,dexa_bone_density_scanner_01.png,warning,touching_canvas_edge,C:\Users\USER\RastalR-Modern\staging\pending\normalized\dexa_bone_density_scanner_01.png
doctor_stool_01,doctor_stool_01.png,pass,,C:\Users\USER\RastalR-Modern\staging\pending\normalized\doctor_stool_01.png
electrosurgical_smoke_evacuator_01,electrosurgical_smoke_evacuator_01.png,warning,touching_canvas_edge,C:\Users\USER\RastalR-Modern\staging\pending\normalized\electrosurgical_smoke_evacuator_01.png
electrosurgical_unit_01,electrosurgical_unit_01.png,warning,touching_canvas_edge,C:\Users\USER\RastalR-Modern\staging\pending\normalized\electrosurgical_unit_01.png
emergency_blanket_warmer_01,emergency_blanket_warmer_01.png,warning,touching_canvas_edge,C:\Users\USER\RastalR-Modern\staging\pending\normalized\emergency_blanket_warmer_01.png
emergency_decontamination_cart_01,emergency_decontamination_cart_01.png,warning,touching_canvas_edge,C:\Users\USER\RastalR-Modern\staging\pending\normalized\emergency_decontamination_cart_01.png
emergency_defibrillator_01,emergency_defibrillator_01.png,pass,,C:\Users\USER\RastalR-Modern\staging\pending\normalized\emergency_defibrillator_01.png
emergency_isolation_transport_stretcher_01,emergency_isolation_transport_stretcher_01.png,warning,touching_canvas_edge,C:\Users\USER\RastalR-Modern\staging\pending\normalized\emergency_isolation_transport_stretcher_01.png
emergency_iv_pole_loaded_01,emergency_iv_pole_loaded_01.png,warning,touching_canvas_edge,C:\Users\USER\RastalR-Modern\staging\pending\normalized\emergency_iv_pole_loaded_01.png
emergency_respiratory_cart_01,emergency_respiratory_cart_01.png,pass,,C:\Users\USER\RastalR-Modern\staging\pending\normalized\emergency_respiratory_cart_01.png
emergency_supply_cart_01,emergency_supply_cart_01.png,warning,touching_canvas_edge,C:\Users\USER\RastalR-Modern\staging\pending\normalized\emergency_supply_cart_01.png
emergency_treatment_chair_01,emergency_treatment_chair_01.png,pass,,C:\Users\USER\RastalR-Modern\staging\pending\normalized\emergency_treatment_chair_01.png
emergency_wall_resuscitation_panel_01,emergency_wall_resuscitation_panel_01.png,warning,touching_canvas_edge,C:\Users\USER\RastalR-Modern\staging\pending\normalized\emergency_wall_resuscitation_panel_01.png
endoscopy_imaging_tower_01,endoscopy_imaging_tower_01.png,pass,,C:\Users\USER\RastalR-Modern\staging\pending\normalized\endoscopy_imaging_tower_01.png
exam_room_sink_unit_01,exam_room_sink_unit_01.png,pass,,C:\Users\USER\RastalR-Modern\staging\pending\normalized\exam_room_sink_unit_01.png
exam_room_supply_cabinet_01,exam_room_supply_cabinet_01.png,pass,,C:\Users\USER\RastalR-Modern\staging\pending\normalized\exam_room_supply_cabinet_01.png
exam_room_wall_cabinet_01,exam_room_wall_cabinet_01.png,pass,,C:\Users\USER\RastalR-Modern\staging\pending\normalized\exam_room_wall_cabinet_01.png
examination_chair_adjustable_01,examination_chair_adjustable_01.png,pass,,C:\Users\USER\RastalR-Modern\staging\pending\normalized\examination_chair_adjustable_01.png
examination_lamp_01,examination_lamp_01.png,pass,,C:\Users\USER\RastalR-Modern\staging\pending\normalized\examination_lamp_01.png
examination_table_01,examination_table_01.png,pass,,C:\Users\USER\RastalR-Modern\staging\pending\normalized\examination_table_01.png
fluoroscopy_c_arm_01,fluoroscopy_c_arm_01.png,pass,,C:\Users\USER\RastalR-Modern\staging\pending\normalized\fluoroscopy_c_arm_01.png
folding_stretcher_storage_rack_01,folding_stretcher_storage_rack_01.png,warning,touching_canvas_edge,C:\Users\USER\RastalR-Modern\staging\pending\normalized\folding_stretcher_storage_rack_01.png
glove_dispenser_01,glove_dispenser_01.png,pass,,C:\Users\USER\RastalR-Modern\staging\pending\normalized\glove_dispenser_01.png
hand_sanitizer_stand_01,hand_sanitizer_stand_01.png,pass,,C:\Users\USER\RastalR-Modern\staging\pending\normalized\hand_sanitizer_stand_01.png
hematology_analyzer_01,hematology_analyzer_01.png,pass,,C:\Users\USER\RastalR-Modern\staging\pending\normalized\hematology_analyzer_01.png
high_flow_oxygen_unit_01,high_flow_oxygen_unit_01.png,warning,touching_canvas_edge,C:\Users\USER\RastalR-Modern\staging\pending\normalized\high_flow_oxygen_unit_01.png
hospital_bassinet_01,hospital_bassinet_01.png,pass,,C:\Users\USER\RastalR-Modern\staging\pending\normalized\hospital_bassinet_01.png
hospital_bed_bariatric_01,hospital_bed_bariatric_01.png,pass,,C:\Users\USER\RastalR-Modern\staging\pending\normalized\hospital_bed_bariatric_01.png
hospital_bed_damaged_01,hospital_bed_damaged_01.png,pass,,C:\Users\USER\RastalR-Modern\staging\pending\normalized\hospital_bed_damaged_01.png
hospital_bed_head_raised_01,hospital_bed_head_raised_01.png,pass,,C:\Users\USER\RastalR-Modern\staging\pending\normalized\hospital_bed_head_raised_01.png
hospital_bed_pediatric_01,hospital_bed_pediatric_01.png,pass,,C:\Users\USER\RastalR-Modern\staging\pending\normalized\hospital_bed_pediatric_01.png
hospital_bed_rails_lowered_01,hospital_bed_rails_lowered_01.png,pass,,C:\Users\USER\RastalR-Modern\staging\pending\normalized\hospital_bed_rails_lowered_01.png
hospital_bed_standard_01,hospital_bed_standard_01.png,pass,,C:\Users\USER\RastalR-Modern\staging\pending\normalized\hospital_bed_standard_01.png
hospital_bed_unmade_01,hospital_bed_unmade_01.png,pass,,C:\Users\USER\RastalR-Modern\staging\pending\normalized\hospital_bed_unmade_01.png
hospital_door_glazed_closed_01,hospital_door_glazed_closed_01.png,pass,,C:\Users\USER\RastalR-Modern\staging\pending\normalized\hospital_door_glazed_closed_01.png
hospital_door_single_closed_01,hospital_door_single_closed_01.png,pass,,C:\Users\USER\RastalR-Modern\staging\pending\normalized\hospital_door_single_closed_01.png
hospital_door_single_half_open_01,hospital_door_single_half_open_01.png,pass,,C:\Users\USER\RastalR-Modern\staging\pending\normalized\hospital_door_single_half_open_01.png
hospital_double_doors_closed_01,hospital_double_doors_closed_01.png,pass,,C:\Users\USER\RastalR-Modern\staging\pending\normalized\hospital_double_doors_closed_01.png
hospital_double_doors_half_open_01,hospital_double_doors_half_open_01.png,pass,,C:\Users\USER\RastalR-Modern\staging\pending\normalized\hospital_double_doors_half_open_01.png
hospital_equipment_opening_wide_01,hospital_equipment_opening_wide_01.png,pass,,C:\Users\USER\RastalR-Modern\staging\pending\normalized\hospital_equipment_opening_wide_01.png
hospital_floor_alt_01,hospital_floor_alt_01.png,pass,,C:\Users\USER\RastalR-Modern\staging\pending\normalized\hospital_floor_alt_01.png
hospital_floor_alt_02,hospital_floor_alt_02.png,pass,,C:\Users\USER\RastalR-Modern\staging\pending\normalized\hospital_floor_alt_02.png
hospital_floor_alt_03,hospital_floor_alt_03.png,pass,,C:\Users\USER\RastalR-Modern\staging\pending\normalized\hospital_floor_alt_03.png
hospital_floor_alt_04,hospital_floor_alt_04.png,pass,,C:\Users\USER\RastalR-Modern\staging\pending\normalized\hospital_floor_alt_04.png
hospital_floor_plain_01,hospital_floor_plain_01.png,pass,,C:\Users\USER\RastalR-Modern\staging\pending\normalized\hospital_floor_plain_01.png
hospital_floor_plain_02,hospital_floor_plain_02.png,pass,,C:\Users\USER\RastalR-Modern\staging\pending\normalized\hospital_floor_plain_02.png
hospital_floor_plain_03,hospital_floor_plain_03.png,pass,,C:\Users\USER\RastalR-Modern\staging\pending\normalized\hospital_floor_plain_03.png
hospital_floor_plain_04,hospital_floor_plain_04.png,pass,,C:\Users\USER\RastalR-Modern\staging\pending\normalized\hospital_floor_plain_04.png
hospital_front_wall_cutaway_01,hospital_front_wall_cutaway_01.png,pass,,C:\Users\USER\RastalR-Modern\staging\pending\normalized\hospital_front_wall_cutaway_01.png
hospital_front_wall_cutaway_02,hospital_front_wall_cutaway_02.png,pass,,C:\Users\USER\RastalR-Modern\staging\pending\normalized\hospital_front_wall_cutaway_02.png
hospital_front_wall_cutaway_03,hospital_front_wall_cutaway_03.png,pass,,C:\Users\USER\RastalR-Modern\staging\pending\normalized\hospital_front_wall_cutaway_03.png
hospital_front_wall_cutaway_04,hospital_front_wall_cutaway_04.png,pass,,C:\Users\USER\RastalR-Modern\staging\pending\normalized\hospital_front_wall_cutaway_04.png
hospital_sliding_clinical_doors_closed_01,hospital_sliding_clinical_doors_closed_01.png,pass,,C:\Users\USER\RastalR-Modern\staging\pending\normalized\hospital_sliding_clinical_doors_closed_01.png
hospital_sliding_clinical_doors_open_01,hospital_sliding_clinical_doors_open_01.png,pass,,C:\Users\USER\RastalR-Modern\staging\pending\normalized\hospital_sliding_clinical_doors_open_01.png
hospital_wall_back_straight_01,hospital_wall_back_straight_01.png,pass,,C:\Users\USER\RastalR-Modern\staging\pending\normalized\hospital_wall_back_straight_01.png
hospital_wall_back_straight_02,hospital_wall_back_straight_02.png,pass,,C:\Users\USER\RastalR-Modern\staging\pending\normalized\hospital_wall_back_straight_02.png
hospital_wall_back_straight_03,hospital_wall_back_straight_03.png,pass,,C:\Users\USER\RastalR-Modern\staging\pending\normalized\hospital_wall_back_straight_03.png
hospital_wall_back_straight_04,hospital_wall_back_straight_04.png,pass,,C:\Users\USER\RastalR-Modern\staging\pending\normalized\hospital_wall_back_straight_04.png
hospital_wall_side_left_01,hospital_wall_side_left_01.png,pass,,C:\Users\USER\RastalR-Modern\staging\pending\normalized\hospital_wall_side_left_01.png
hospital_wall_side_left_02,hospital_wall_side_left_02.png,pass,,C:\Users\USER\RastalR-Modern\staging\pending\normalized\hospital_wall_side_left_02.png
hospital_wall_side_right_01,hospital_wall_side_right_01.png,pass,,C:\Users\USER\RastalR-Modern\staging\pending\normalized\hospital_wall_side_right_01.png
hospital_wall_side_right_02,hospital_wall_side_right_02.png,pass,,C:\Users\USER\RastalR-Modern\staging\pending\normalized\hospital_wall_side_right_02.png
humidifier_respiratory_unit_01,humidifier_respiratory_unit_01.png,pass,,C:\Users\USER\RastalR-Modern\staging\pending\normalized\humidifier_respiratory_unit_01.png
icu_bedside_supply_unit_01,icu_bedside_supply_unit_01.png,pass,,C:\Users\USER\RastalR-Modern\staging\pending\normalized\icu_bedside_supply_unit_01.png
icu_bedside_terminal_01,icu_bedside_terminal_01.png,pass,,C:\Users\USER\RastalR-Modern\staging\pending\normalized\icu_bedside_terminal_01.png
icu_ceiling_equipment_boom_01,icu_ceiling_equipment_boom_01.png,warning,touching_canvas_edge,C:\Users\USER\RastalR-Modern\staging\pending\normalized\icu_ceiling_equipment_boom_01.png
icu_equipment_tower_01,icu_equipment_tower_01.png,pass,,C:\Users\USER\RastalR-Modern\staging\pending\normalized\icu_equipment_tower_01.png
icu_isolation_supply_cart_01,icu_isolation_supply_cart_01.png,warning,touching_canvas_edge,C:\Users\USER\RastalR-Modern\staging\pending\normalized\icu_isolation_supply_cart_01.png
icu_monitor_advanced_01,icu_monitor_advanced_01.png,pass,,C:\Users\USER\RastalR-Modern\staging\pending\normalized\icu_monitor_advanced_01.png
icu_overbed_medical_rail_01,icu_overbed_medical_rail_01.png,pass,,C:\Users\USER\RastalR-Modern\staging\pending\normalized\icu_overbed_medical_rail_01.png
icu_storage_cabinet_01,icu_storage_cabinet_01.png,warning,touching_canvas_edge,C:\Users\USER\RastalR-Modern\staging\pending\normalized\icu_storage_cabinet_01.png
icu_ventilator_advanced_01,icu_ventilator_advanced_01.png,pass,,C:\Users\USER\RastalR-Modern\staging\pending\normalized\icu_ventilator_advanced_01.png
infusion_pump_stack_01,infusion_pump_stack_01.png,pass,,C:\Users\USER\RastalR-Modern\staging\pending\normalized\infusion_pump_stack_01.png
instrument_trolley_01,instrument_trolley_01.png,pass,,C:\Users\USER\RastalR-Modern\staging\pending\normalized\instrument_trolley_01.png
iv_medication_storage_rack_01,iv_medication_storage_rack_01.png,warning,touching_canvas_edge,C:\Users\USER\RastalR-Modern\staging\pending\normalized\iv_medication_storage_rack_01.png
iv_stand_dual_01,iv_stand_dual_01.png,pass,,C:\Users\USER\RastalR-Modern\staging\pending\normalized\iv_stand_dual_01.png
iv_stand_single_01,iv_stand_single_01.png,pass,,C:\Users\USER\RastalR-Modern\staging\pending\normalized\iv_stand_single_01.png
janitorial_cart_01,janitorial_cart_01.png,warning,touching_canvas_edge,C:\Users\USER\RastalR-Modern\staging\pending\normalized\janitorial_cart_01.png
laboratory_analyzer_01,laboratory_analyzer_01.png,pass,,C:\Users\USER\RastalR-Modern\staging\pending\normalized\laboratory_analyzer_01.png
laboratory_autoclave_01,laboratory_autoclave_01.png,pass,,C:\Users\USER\RastalR-Modern\staging\pending\normalized\laboratory_autoclave_01.png
laboratory_biosafety_cabinet_01,laboratory_biosafety_cabinet_01.png,pass,,C:\Users\USER\RastalR-Modern\staging\pending\normalized\laboratory_biosafety_cabinet_01.png
laboratory_biosample_cart_01,laboratory_biosample_cart_01.png,pass,,C:\Users\USER\RastalR-Modern\staging\pending\normalized\laboratory_biosample_cart_01.png
laboratory_centrifuge_01,laboratory_centrifuge_01.png,pass,,C:\Users\USER\RastalR-Modern\staging\pending\normalized\laboratory_centrifuge_01.png
laboratory_fume_hood_01,laboratory_fume_hood_01.png,warning,touching_canvas_edge,C:\Users\USER\RastalR-Modern\staging\pending\normalized\laboratory_fume_hood_01.png
laboratory_handwash_sink_01,laboratory_handwash_sink_01.png,pass,,C:\Users\USER\RastalR-Modern\staging\pending\normalized\laboratory_handwash_sink_01.png
laboratory_incubator_01,laboratory_incubator_01.png,pass,,C:\Users\USER\RastalR-Modern\staging\pending\normalized\laboratory_incubator_01.png
laboratory_micropipette_station_01,laboratory_micropipette_station_01.png,pass,,C:\Users\USER\RastalR-Modern\staging\pending\normalized\laboratory_micropipette_station_01.png
laboratory_microscope_01,laboratory_microscope_01.png,pass,,C:\Users\USER\RastalR-Modern\staging\pending\normalized\laboratory_microscope_01.png
laboratory_refrigerator_01,laboratory_refrigerator_01.png,pass,,C:\Users\USER\RastalR-Modern\staging\pending\normalized\laboratory_refrigerator_01.png
laboratory_vortex_mixer_01,laboratory_vortex_mixer_01.png,pass,,C:\Users\USER\RastalR-Modern\staging\pending\normalized\laboratory_vortex_mixer_01.png
laboratory_workbench_01,laboratory_workbench_01.png,pass,,C:\Users\USER\RastalR-Modern\staging\pending\normalized\laboratory_workbench_01.png
linen_hamper_01,linen_hamper_01.png,pass,,C:\Users\USER\RastalR-Modern\staging\pending\normalized\linen_hamper_01.png
lobby_plant_01,lobby_plant_01.png,warning,touching_canvas_edge,C:\Users\USER\RastalR-Modern\staging\pending\normalized\lobby_plant_01.png
locked_medication_cart_01,locked_medication_cart_01.png,warning,touching_canvas_edge,C:\Users\USER\RastalR-Modern\staging\pending\normalized\locked_medication_cart_01.png
mammography_unit_01,mammography_unit_01.png,pass,,C:\Users\USER\RastalR-Modern\staging\pending\normalized\mammography_unit_01.png
mayo_stand_01,mayo_stand_01.png,warning,touching_canvas_edge,C:\Users\USER\RastalR-Modern\staging\pending\normalized\mayo_stand_01.png
meal_tray_01,meal_tray_01.png,pass,,C:\Users\USER\RastalR-Modern\staging\pending\normalized\meal_tray_01.png
medical_cart_base_01,medical_cart_base_01.png,pass,,C:\Users\USER\RastalR-Modern\staging\pending\normalized\medical_cart_base_01.png
medical_inventory_first_aid_kit_01,medical_inventory_first_aid_kit_01.png,pass,,C:\Users\USER\RastalR-Modern\staging\pending\normalized\medical_inventory_first_aid_kit_01.png
medical_stool_01,medical_stool_01.png,pass,,C:\Users\USER\RastalR-Modern\staging\pending\normalized\medical_stool_01.png
medication_delivery_cart_01,medication_delivery_cart_01.png,pass,,C:\Users\USER\RastalR-Modern\staging\pending\normalized\medication_delivery_cart_01.png
medication_pickup_counter_01,medication_pickup_counter_01.png,warning,touching_canvas_edge,C:\Users\USER\RastalR-Modern\staging\pending\normalized\medication_pickup_counter_01.png
medication_sorting_tray_station_01,medication_sorting_tray_station_01.png,pass,,C:\Users\USER\RastalR-Modern\staging\pending\normalized\medication_sorting_tray_station_01.png
mobile_oxygen_air_manifold_01,mobile_oxygen_air_manifold_01.png,pass,,C:\Users\USER\RastalR-Modern\staging\pending\normalized\mobile_oxygen_air_manifold_01.png
mobile_radiation_shield_01,mobile_radiation_shield_01.png,warning,touching_canvas_edge,C:\Users\USER\RastalR-Modern\staging\pending\normalized\mobile_radiation_shield_01.png
mri_ferromagnetic_screening_station_01,mri_ferromagnetic_screening_station_01.png,pass,,C:\Users\USER\RastalR-Modern\staging\pending\normalized\mri_ferromagnetic_screening_station_01.png
mri_safe_equipment_cart_01,mri_safe_equipment_cart_01.png,pass,,C:\Users\USER\RastalR-Modern\staging\pending\normalized\mri_safe_equipment_cart_01.png
mri_scanner_01,mri_scanner_01.png,pass,,C:\Users\USER\RastalR-Modern\staging\pending\normalized\mri_scanner_01.png
nuclear_medicine_gamma_camera_01,nuclear_medicine_gamma_camera_01.png,warning,touching_canvas_edge,C:\Users\USER\RastalR-Modern\staging\pending\normalized\nuclear_medicine_gamma_camera_01.png
nurse_call_panel_01,nurse_call_panel_01.png,pass,,C:\Users\USER\RastalR-Modern\staging\pending\normalized\nurse_call_panel_01.png
operating_table_01,operating_table_01.png,warning,touching_canvas_edge,C:\Users\USER\RastalR-Modern\staging\pending\normalized\operating_table_01.png
operating_table_raised_01,operating_table_raised_01.png,pass,,C:\Users\USER\RastalR-Modern\staging\pending\normalized\operating_table_raised_01.png
otoscope_ophthalmoscope_unit_01,otoscope_ophthalmoscope_unit_01.png,pass,,C:\Users\USER\RastalR-Modern\staging\pending\normalized\otoscope_ophthalmoscope_unit_01.png
overbed_table_01,overbed_table_01.png,pass,,C:\Users\USER\RastalR-Modern\staging\pending\normalized\overbed_table_01.png
oxygen_concentrator_01,oxygen_concentrator_01.png,pass,,C:\Users\USER\RastalR-Modern\staging\pending\normalized\oxygen_concentrator_01.png
oxygen_cylinder_mobile_01,oxygen_cylinder_mobile_01.png,pass,,C:\Users\USER\RastalR-Modern\staging\pending\normalized\oxygen_cylinder_mobile_01.png
paper_roll_holder_01,paper_roll_holder_01.png,pass,,C:\Users\USER\RastalR-Modern\staging\pending\normalized\paper_roll_holder_01.png
patient_chair_exam_room_01,patient_chair_exam_room_01.png,pass,,C:\Users\USER\RastalR-Modern\staging\pending\normalized\patient_chair_exam_room_01.png
patient_monitor_bedside_compact_01,patient_monitor_bedside_compact_01.png,pass,,C:\Users\USER\RastalR-Modern\staging\pending\normalized\patient_monitor_bedside_compact_01.png
patient_monitor_floor_01,patient_monitor_floor_01.png,pass,,C:\Users\USER\RastalR-Modern\staging\pending\normalized\patient_monitor_floor_01.png
patient_monitor_wall_01,patient_monitor_wall_01.png,pass,,C:\Users\USER\RastalR-Modern\staging\pending\normalized\patient_monitor_wall_01.png
patient_room_wardrobe_01,patient_room_wardrobe_01.png,pass,,C:\Users\USER\RastalR-Modern\staging\pending\normalized\patient_room_wardrobe_01.png
patient_room_waste_bin_01,patient_room_waste_bin_01.png,pass,,C:\Users\USER\RastalR-Modern\staging\pending\normalized\patient_room_waste_bin_01.png
patient_scale_01,patient_scale_01.png,pass,,C:\Users\USER\RastalR-Modern\staging\pending\normalized\patient_scale_01.png
patient_storage_cabinet_01,patient_storage_cabinet_01.png,pass,,C:\Users\USER\RastalR-Modern\staging\pending\normalized\patient_storage_cabinet_01.png
patient_warming_unit_01,patient_warming_unit_01.png,warning,touching_canvas_edge,C:\Users\USER\RastalR-Modern\staging\pending\normalized\patient_warming_unit_01.png
pcr_thermal_cycler_01,pcr_thermal_cycler_01.png,pass,,C:\Users\USER\RastalR-Modern\staging\pending\normalized\pcr_thermal_cycler_01.png
pet_ct_scanner_01,pet_ct_scanner_01.png,warning,touching_canvas_edge,C:\Users\USER\RastalR-Modern\staging\pending\normalized\pet_ct_scanner_01.png
pharmacy_clean_bench_01,pharmacy_clean_bench_01.png,warning,touching_canvas_edge,C:\Users\USER\RastalR-Modern\staging\pending\normalized\pharmacy_clean_bench_01.png
pharmacy_compounding_workstation_01,pharmacy_compounding_workstation_01.png,pass,,C:\Users\USER\RastalR-Modern\staging\pending\normalized\pharmacy_compounding_workstation_01.png
pharmacy_dispensing_counter_01,pharmacy_dispensing_counter_01.png,pass,,C:\Users\USER\RastalR-Modern\staging\pending\normalized\pharmacy_dispensing_counter_01.png
pharmacy_label_printer_station_01,pharmacy_label_printer_station_01.png,pass,,C:\Users\USER\RastalR-Modern\staging\pending\normalized\pharmacy_label_printer_station_01.png
pharmacy_medication_shelving_01,pharmacy_medication_shelving_01.png,pass,,C:\Users\USER\RastalR-Modern\staging\pending\normalized\pharmacy_medication_shelving_01.png
pharmacy_refrigerator_01,pharmacy_refrigerator_01.png,pass,,C:\Users\USER\RastalR-Modern\staging\pending\normalized\pharmacy_refrigerator_01.png
pharmacy_returns_bin_station_01,pharmacy_returns_bin_station_01.png,pass,,C:\Users\USER\RastalR-Modern\staging\pending\normalized\pharmacy_returns_bin_station_01.png
physician_desk_small_01,physician_desk_small_01.png,pass,,C:\Users\USER\RastalR-Modern\staging\pending\normalized\physician_desk_small_01.png
portable_ultrasound_01,portable_ultrasound_01.png,pass,,C:\Users\USER\RastalR-Modern\staging\pending\normalized\portable_ultrasound_01.png
portable_xray_unit_01,portable_xray_unit_01.png,pass,,C:\Users\USER\RastalR-Modern\staging\pending\normalized\portable_xray_unit_01.png
prescription_will_call_rack_01,prescription_will_call_rack_01.png,warning,touching_canvas_edge,C:\Users\USER\RastalR-Modern\staging\pending\normalized\prescription_will_call_rack_01.png
privacy_curtain_corner_01,privacy_curtain_corner_01.png,pass,,C:\Users\USER\RastalR-Modern\staging\pending\normalized\privacy_curtain_corner_01.png
privacy_curtain_folded_01,privacy_curtain_folded_01.png,pass,,C:\Users\USER\RastalR-Modern\staging\pending\normalized\privacy_curtain_folded_01.png
privacy_curtain_straight_01,privacy_curtain_straight_01.png,pass,,C:\Users\USER\RastalR-Modern\staging\pending\normalized\privacy_curtain_straight_01.png
privacy_screen_mobile_01,privacy_screen_mobile_01.png,pass,,C:\Users\USER\RastalR-Modern\staging\pending\normalized\privacy_screen_mobile_01.png
queue_barrier_corner_01,queue_barrier_corner_01.png,warning,touching_canvas_edge,C:\Users\USER\RastalR-Modern\staging\pending\normalized\queue_barrier_corner_01.png
queue_barrier_straight_01,queue_barrier_straight_01.png,warning,touching_canvas_edge,C:\Users\USER\RastalR-Modern\staging\pending\normalized\queue_barrier_straight_01.png
queue_ticket_dispenser_01,queue_ticket_dispenser_01.png,pass,,C:\Users\USER\RastalR-Modern\staging\pending\normalized\queue_ticket_dispenser_01.png
radiography_table_system_01,radiography_table_system_01.png,pass,,C:\Users\USER\RastalR-Modern\staging\pending\normalized\radiography_table_system_01.png
radiology_contrast_injector_01,radiology_contrast_injector_01.png,pass,,C:\Users\USER\RastalR-Modern\staging\pending\normalized\radiology_contrast_injector_01.png
radiology_lead_apron_rack_01,radiology_lead_apron_rack_01.png,warning,touching_canvas_edge,C:\Users\USER\RastalR-Modern\staging\pending\normalized\radiology_lead_apron_rack_01.png
radiology_patient_step_platform_01,radiology_patient_step_platform_01.png,pass,,C:\Users\USER\RastalR-Modern\staging\pending\normalized\radiology_patient_step_platform_01.png
radiology_patient_transfer_board_rack_01,radiology_patient_transfer_board_rack_01.png,pass,,C:\Users\USER\RastalR-Modern\staging\pending\normalized\radiology_patient_transfer_board_rack_01.png
radiology_positioning_aids_cart_01,radiology_positioning_aids_cart_01.png,pass,,C:\Users\USER\RastalR-Modern\staging\pending\normalized\radiology_positioning_aids_cart_01.png
radiology_workstation_01,radiology_workstation_01.png,pass,,C:\Users\USER\RastalR-Modern\staging\pending\normalized\radiology_workstation_01.png
reception_counter_accessible_01,reception_counter_accessible_01.png,pass,,C:\Users\USER\RastalR-Modern\staging\pending\normalized\reception_counter_accessible_01.png
reception_counter_corner_01,reception_counter_corner_01.png,pass,,C:\Users\USER\RastalR-Modern\staging\pending\normalized\reception_counter_corner_01.png
reception_counter_small_01,reception_counter_small_01.png,pass,,C:\Users\USER\RastalR-Modern\staging\pending\normalized\reception_counter_small_01.png
reception_counter_straight_01,reception_counter_straight_01.png,pass,,C:\Users\USER\RastalR-Modern\staging\pending\normalized\reception_counter_straight_01.png
reception_information_stand_01,reception_information_stand_01.png,pass,,C:\Users\USER\RastalR-Modern\staging\pending\normalized\reception_information_stand_01.png
reception_medical_sign_stand_01,reception_medical_sign_stand_01.png,pass,,C:\Users\USER\RastalR-Modern\staging\pending\normalized\reception_medical_sign_stand_01.png
recycling_bin_01,recycling_bin_01.png,pass,,C:\Users\USER\RastalR-Modern\staging\pending\normalized\recycling_bin_01.png
refrigerated_centrifuge_01,refrigerated_centrifuge_01.png,pass,,C:\Users\USER\RastalR-Modern\staging\pending\normalized\refrigerated_centrifuge_01.png
self_checkin_kiosk_01,self_checkin_kiosk_01.png,pass,,C:\Users\USER\RastalR-Modern\staging\pending\normalized\self_checkin_kiosk_01.png
sharps_bin_01,sharps_bin_01.png,pass,,C:\Users\USER\RastalR-Modern\staging\pending\normalized\sharps_bin_01.png
small_medical_tray_01,small_medical_tray_01.png,pass,,C:\Users\USER\RastalR-Modern\staging\pending\normalized\small_medical_tray_01.png
specimen_storage_cabinet_01,specimen_storage_cabinet_01.png,pass,,C:\Users\USER\RastalR-Modern\staging\pending\normalized\specimen_storage_cabinet_01.png
sterile_equipment_stand_01,sterile_equipment_stand_01.png,pass,,C:\Users\USER\RastalR-Modern\staging\pending\normalized\sterile_equipment_stand_01.png
sterile_supply_cart_01,sterile_supply_cart_01.png,pass,,C:\Users\USER\RastalR-Modern\staging\pending\normalized\sterile_supply_cart_01.png
stretcher_wall_dock_01,stretcher_wall_dock_01.png,warning,touching_canvas_edge,C:\Users\USER\RastalR-Modern\staging\pending\normalized\stretcher_wall_dock_01.png
suction_unit_mobile_01,suction_unit_mobile_01.png,warning,touching_canvas_edge,C:\Users\USER\RastalR-Modern\staging\pending\normalized\suction_unit_mobile_01.png
surgical_instrument_table_01,surgical_instrument_table_01.png,warning,touching_canvas_edge,C:\Users\USER\RastalR-Modern\staging\pending\normalized\surgical_instrument_table_01.png
surgical_instrument_trolley_01,surgical_instrument_trolley_01.png,pass,,C:\Users\USER\RastalR-Modern\staging\pending\normalized\surgical_instrument_trolley_01.png
surgical_light_ceiling_01,surgical_light_ceiling_01.png,pass,,C:\Users\USER\RastalR-Modern\staging\pending\normalized\surgical_light_ceiling_01.png
surgical_linen_hamper_01,surgical_linen_hamper_01.png,warning,touching_canvas_edge,C:\Users\USER\RastalR-Modern\staging\pending\normalized\surgical_linen_hamper_01.png
surgical_scrub_sink_01,surgical_scrub_sink_01.png,pass,,C:\Users\USER\RastalR-Modern\staging\pending\normalized\surgical_scrub_sink_01.png
surgical_stool_01,surgical_stool_01.png,pass,,C:\Users\USER\RastalR-Modern\staging\pending\normalized\surgical_stool_01.png
surgical_video_recording_unit_01,surgical_video_recording_unit_01.png,pass,,C:\Users\USER\RastalR-Modern\staging\pending\normalized\surgical_video_recording_unit_01.png
surgical_waste_cart_dual_01,surgical_waste_cart_dual_01.png,pass,,C:\Users\USER\RastalR-Modern\staging\pending\normalized\surgical_waste_cart_dual_01.png
syringe_pump_single_01,syringe_pump_single_01.png,pass,,C:\Users\USER\RastalR-Modern\staging\pending\normalized\syringe_pump_single_01.png
tablet_counting_station_01,tablet_counting_station_01.png,pass,,C:\Users\USER\RastalR-Modern\staging\pending\normalized\tablet_counting_station_01.png
thermometer_dock_01,thermometer_dock_01.png,pass,,C:\Users\USER\RastalR-Modern\staging\pending\normalized\thermometer_dock_01.png
trauma_equipment_cart_01,trauma_equipment_cart_01.png,warning,touching_canvas_edge,C:\Users\USER\RastalR-Modern\staging\pending\normalized\trauma_equipment_cart_01.png
trauma_immobilization_rack_01,trauma_immobilization_rack_01.png,pass,,C:\Users\USER\RastalR-Modern\staging\pending\normalized\trauma_immobilization_rack_01.png
trauma_overbed_table_01,trauma_overbed_table_01.png,warning,touching_canvas_edge,C:\Users\USER\RastalR-Modern\staging\pending\normalized\trauma_overbed_table_01.png
trauma_stretcher_01,trauma_stretcher_01.png,pass,,C:\Users\USER\RastalR-Modern\staging\pending\normalized\trauma_stretcher_01.png
trauma_stretcher_raised_01,trauma_stretcher_raised_01.png,warning,touching_canvas_edge,C:\Users\USER\RastalR-Modern\staging\pending\normalized\trauma_stretcher_raised_01.png
triage_vital_signs_station_01,triage_vital_signs_station_01.png,warning,touching_canvas_edge,C:\Users\USER\RastalR-Modern\staging\pending\normalized\triage_vital_signs_station_01.png
triage_workstation_01,triage_workstation_01.png,pass,,C:\Users\USER\RastalR-Modern\staging\pending\normalized\triage_workstation_01.png
ui_patient_status_01,ui_patient_status_01.png,pass,,C:\Users\USER\RastalR-Modern\staging\pending\normalized\ui_patient_status_01.png
ultra_low_freezer_01,ultra_low_freezer_01.png,pass,,C:\Users\USER\RastalR-Modern\staging\pending\normalized\ultra_low_freezer_01.png
unit_dose_packaging_machine_01,unit_dose_packaging_machine_01.png,pass,,C:\Users\USER\RastalR-Modern\staging\pending\normalized\unit_dose_packaging_machine_01.png
unit_dose_storage_cabinet_01,unit_dose_storage_cabinet_01.png,pass,,C:\Users\USER\RastalR-Modern\staging\pending\normalized\unit_dose_storage_cabinet_01.png
ventilator_standard_01,ventilator_standard_01.png,pass,,C:\Users\USER\RastalR-Modern\staging\pending\normalized\ventilator_standard_01.png
visitor_chair_patient_room_01,visitor_chair_patient_room_01.png,pass,,C:\Users\USER\RastalR-Modern\staging\pending\normalized\visitor_chair_patient_room_01.png
waiting_bench_2seat_01,waiting_bench_2seat_01.png,warning,touching_canvas_edge,C:\Users\USER\RastalR-Modern\staging\pending\normalized\waiting_bench_2seat_01.png
waiting_bench_3seat_01,waiting_bench_3seat_01.png,warning,touching_canvas_edge,C:\Users\USER\RastalR-Modern\staging\pending\normalized\waiting_bench_3seat_01.png
waiting_chair_01,waiting_chair_01.png,pass,,C:\Users\USER\RastalR-Modern\staging\pending\normalized\waiting_chair_01.png
waiting_chair_contrast_01,waiting_chair_contrast_01.png,pass,,C:\Users\USER\RastalR-Modern\staging\pending\normalized\waiting_chair_contrast_01.png
waiting_chair_single_01,waiting_chair_single_01.png,pass,,C:\Users\USER\RastalR-Modern\staging\pending\normalized\waiting_chair_single_01.png
wall_diagnostic_set_01,wall_diagnostic_set_01.png,pass,,C:\Users\USER\RastalR-Modern\staging\pending\normalized\wall_diagnostic_set_01.png
wall_medical_rail_01,wall_medical_rail_01.png,pass,,C:\Users\USER\RastalR-Modern\staging\pending\normalized\wall_medical_rail_01.png
wall_oxygen_panel_01,wall_oxygen_panel_01.png,pass,,C:\Users\USER\RastalR-Modern\staging\pending\normalized\wall_oxygen_panel_01.png
warming_infusion_trolley_01,warming_infusion_trolley_01.png,warning,touching_canvas_edge,C:\Users\USER\RastalR-Modern\staging\pending\normalized\warming_infusion_trolley_01.png
water_cooler_01,water_cooler_01.png,pass,,C:\Users\USER\RastalR-Modern\staging\pending\normalized\water_cooler_01.png
wheelchair_standard_01,wheelchair_standard_01.png,pass,,C:\Users\USER\RastalR-Modern\staging\pending\normalized\wheelchair_standard_01.png
