id,filename,category,subcategory,asset_type,variant,orientation,state,reuse_scope,native_grid,source_scale,canvas_width,canvas_height,footprint_width_tiles,footprint_height_tiles,anchor,approval_status,qa_status,component_count,component_roles,tags,source,normalized_path,notes
ambulance_01,ambulance_01.png,exterior,emergency_vehicle,ambulance,1,default,clean,hospital_only,32,8,93,100,3,2,bottom_center,approved,pass,0,,ambulance;emergency;vehicle;exterior;medical;response,source/generated/incoming/pilot_batch_c2_corrections_sheet.png,staging/pending/normalized/ambulance_01.png,Pilot Batch C2 replacement; approved left source-sheet sprite.
anesthesia_machine_01,anesthesia_machine_01.png,surgery,anesthesia,anesthesia_machine,1,default,clean,hospital_only,32,8,55,67,1,1,bottom_center,approved,pass,0,,anesthesia;machine;surgery;respiratory;wheels,source/generated/incoming/rastalr_surgery_01_operating_room_core.png,staging/pending/normalized/anesthesia_machine_01.png,Production batch 06; top-right operating-room-core sprite.
automated_chemistry_analyzer_01,automated_chemistry_analyzer_01.png,laboratory,analyzers,automated_chemistry_analyzer,1,default,clean,hospital_only,32,8,76,62,2,1,bottom_center,approved,pass,0,,laboratory;chemistry;analyzer;automation,source/generated/incoming/rastalr_laboratory_01_core_lab_equipment.png,staging/pending/normalized/automated_chemistry_analyzer_01.png,Batch 09 final laboratory sheet; distinct from laboratory_analyzer_01.
automated_medication_dispensing_cabinet_01,automated_medication_dispensing_cabinet_01.png,pharmacy,automated_dispensing,automated_medication_dispensing_cabinet,1,default,clean,hospital_only,32,8,48,65,1,1,bottom_center,approved,pass,0,,pharmacy;automated;medication;dispensing;cabinet,source/generated/incoming/rastalr_pharmacy_01_dispensing_storage.png,staging/pending/normalized/automated_medication_dispensing_cabinet_01.png,Batch 10 final pharmacy sheet.
bedside_cabinet_01,bedside_cabinet_01.png,patient_rooms,bedside_furniture,bedside_cabinet,1,default,clean,hospital_only,32,8,35,43,1,1,bottom_center,approved,pass,0,,cabinet;bedside;patient_room;storage;furniture,source/generated/incoming/pilot_batch_a_sheet.png,staging/pending/normalized/bedside_cabinet_01.png,Pilot Batch A; top-center source-sheet sprite.
bedside_cabinet_drawers_01,bedside_cabinet_drawers_01.png,patient_rooms,bedside_furniture,bedside_cabinet_drawers,1,default,clean,everyday_world_common,32,8,47,55,1,1,bottom_center,approved,pass,0,,cabinet;bedside;drawers;storage;furniture;wheels,source/generated/incoming/rastalr_prod_02_bedside_furniture.png,staging/pending/normalized/bedside_cabinet_drawers_01.png,Production batch 01; top-left bedside-furniture sheet sprite.
bedside_reading_light_01,bedside_reading_light_01.png,patient_rooms,ward_accessories,bedside_reading_light,1,default,clean,hospital_only,32,8,60,38,1,1,wall_center,approved,pass,0,,reading_light;bedside;wall;lamp;patient_room,source/generated/incoming/rastalr_prod_04_ward_monitoring_accessories.png,staging/pending/normalized/bedside_reading_light_01.png,Production batch 02; top-right ward-accessories sheet sprite.
bedside_step_01,bedside_step_01.png,patient_rooms,patient_support,bedside_step,1,default,clean,everyday_world_common,32,8,51,47,1,1,bottom_center,approved,pass,0,,bedside;step;stool;support;furniture,source/generated/incoming/rastalr_prod_05_privacy_storage_support.png,staging/pending/normalized/bedside_step_01.png,Production batch 02; bottom-right privacy-storage-support sheet sprite.
blood_pressure_monitor_01,blood_pressure_monitor_01.png,examination,diagnostics,blood_pressure_monitor,1,default,clean,hospital_only,32,8,40,60,1,1,bottom_center,approved,pass,0,,blood_pressure;monitor;diagnostic;vitals;wheels,source/generated/incoming/rastalr_exam_02_diagnostics.png,staging/pending/normalized/blood_pressure_monitor_01.png,Production batch 03; top-left diagnostics sheet sprite.
brochure_rack_01,brochure_rack_01.png,reception,information,brochure_rack,1,default,clean,everyday_world_common,32,8,42,65,1,1,bottom_center,approved,warning,0,,brochure;rack;information;lobby;display,source/generated/incoming/rastalr_reception_03_lobby_utilities.png,staging/pending/normalized/brochure_rack_01.png,Production batch 04; top-right lobby-utilities sheet sprite.
contrast_media_warmer_01,contrast_media_warmer_01.png,radiology,contrast_support,contrast_media_warmer,1,default,clean,hospital_only,32,8,48,58,1,1,bottom_center,approved,warning,0,,contrast;media;warmer,source/generated/incoming/rastalr_radiology_02_room_support.png,staging/pending/normalized/contrast_media_warmer_01.png,Batch 08.
controlled_substance_safe_01,controlled_substance_safe_01.png,pharmacy,secure_storage,controlled_substance_safe,1,default,clean,everyday_world_common,32,8,49,56,1,1,bottom_center,approved,pass,0,,safe;secure_storage;controlled_substance;pharmacy,source/generated/incoming/rastalr_pharmacy_01_dispensing_storage.png,staging/pending/normalized/controlled_substance_safe_01.png,Batch 10 final pharmacy sheet.
crash_cart_equipped_01,crash_cart_equipped_01.png,emergency,emergency_equipment,crash_cart_equipped,1,default,clean,hospital_only,32,8,51,58,1,1,bottom_center,approved,pass,0,,crash_cart;emergency;equipped;drawers;wheels;oxygen,source/generated/incoming/pilot_batch_b_sheet.png,staging/pending/normalized/crash_cart_equipped_01.png,Pilot Batch B; bottom-left source-sheet sprite.
cryogenic_storage_dewar_01,cryogenic_storage_dewar_01.png,laboratory,cryogenic_storage,cryogenic_storage_dewar,1,default,clean,hospital_only,32,8,48,64,1,1,bottom_center,approved,warning,0,,laboratory;cryogenic;dewar;cold_storage,source/generated/incoming/rastalr_laboratory_03_specialized_support.png,staging/pending/normalized/cryogenic_storage_dewar_01.png,Batch 09 final laboratory sheet.
ct_mri_coil_storage_rack_01,ct_mri_coil_storage_rack_01.png,radiology,modality_accessories,ct_mri_coil_storage_rack,1,default,clean,hospital_only,32,8,53,57,1,1,bottom_center,approved,warning,0,,ct;mri;coil;storage;rack,source/generated/incoming/rastalr_radiology_02_room_support.png,staging/pending/normalized/ct_mri_coil_storage_rack_01.png,Batch 08.
ct_scanner_01,ct_scanner_01.png,radiology,ct,ct_scanner,1,default,clean,hospital_only,32,8,60,51,2,2,bottom_center,approved,pass,0,,ct;scanner;imaging;radiology,source/generated/incoming/rastalr_radiology_01_core_imaging.png,staging/pending/normalized/ct_scanner_01.png,Batch 08.
dexa_bone_density_scanner_01,dexa_bone_density_scanner_01.png,radiology,dexa,dexa_bone_density_scanner,1,default,clean,hospital_only,32,8,60,48,2,1,bottom_center,approved,warning,0,,dexa;bone_density;scanner,source/generated/incoming/rastalr_radiology_03_specialized_imaging.png,staging/pending/normalized/dexa_bone_density_scanner_01.png,Batch 08.
doctor_stool_01,doctor_stool_01.png,examination,seating,doctor_stool,1,default,clean,everyday_world_common,32,8,45,45,1,1,bottom_center,approved,pass,0,,doctor;stool;wheeled;seating;furniture,source/generated/incoming/rastalr_exam_01_furniture.png,staging/pending/normalized/doctor_stool_01.png,Production batch 03; top-right furniture sheet sprite.
electrosurgical_smoke_evacuator_01,electrosurgical_smoke_evacuator_01.png,surgery,smoke_management,electrosurgical_smoke_evacuator,1,default,clean,hospital_only,32,8,45,58,1,1,bottom_center,approved,warning,0,,electrosurgical;smoke;evacuator;surgery;wheels,source/generated/incoming/rastalr_surgery_03_specialized_or_support.png,staging/pending/normalized/electrosurgical_smoke_evacuator_01.png,Production batch 06; bottom-left specialized-or-support sprite.
electrosurgical_unit_01,electrosurgical_unit_01.png,surgery,electrosurgery,electrosurgical_unit,1,default,clean,hospital_only,32,8,51,59,1,1,bottom_center,approved,warning,0,,electrosurgical;unit;surgery;or;wheels,source/generated/incoming/rastalr_surgery_03_specialized_or_support.png,staging/pending/normalized/electrosurgical_unit_01.png,Production batch 06; top-left specialized-or-support sprite.
emergency_blanket_warmer_01,emergency_blanket_warmer_01.png,emergency,warming,emergency_blanket_warmer,1,default,clean,hospital_only,32,8,47,58,1,1,bottom_center,approved,warning,0,,emergency;blanket;warmer;clinical;wheels,source/generated/incoming/rastalr_emergency_03_department_support.png,staging/pending/normalized/emergency_blanket_warmer_01.png,Batch 07 top-left.
emergency_decontamination_cart_01,emergency_decontamination_cart_01.png,emergency,decontamination,emergency_decontamination_cart,1,default,clean,hospital_only,32,8,54,57,1,1,bottom_center,approved,warning,0,,emergency;decontamination;cart;ppe;wheels,source/generated/incoming/rastalr_emergency_03_department_support.png,staging/pending/normalized/emergency_decontamination_cart_01.png,Batch 07 bottom-center.
emergency_defibrillator_01,emergency_defibrillator_01.png,emergency,resuscitation,emergency_defibrillator,1,default,clean,hospital_only,32,8,41,58,1,1,bottom_center,approved,pass,0,,emergency;defibrillator;resuscitation;wheels,source/generated/incoming/rastalr_emergency_01_trauma_resuscitation.png,staging/pending/normalized/emergency_defibrillator_01.png,Batch 07 top-right.
emergency_isolation_transport_stretcher_01,emergency_isolation_transport_stretcher_01.png,emergency,isolation_transport,emergency_isolation_transport_stretcher,1,default,clean,hospital_only,32,8,60,48,2,1,bottom_center,approved,warning,0,,emergency;isolation;transport;stretcher;wheels,source/generated/incoming/rastalr_emergency_03_department_support.png,staging/pending/normalized/emergency_isolation_transport_stretcher_01.png,Batch 07 top-center.
emergency_iv_pole_loaded_01,emergency_iv_pole_loaded_01.png,emergency,infusion,emergency_iv_pole_loaded,1,default,clean,hospital_only,32,8,37,69,1,1,bottom_center,approved,warning,0,,emergency;iv;pole;loaded;infusion,source/generated/incoming/rastalr_emergency_01_trauma_resuscitation.png,staging/pending/normalized/emergency_iv_pole_loaded_01.png,Batch 07 bottom-center.
emergency_respiratory_cart_01,emergency_respiratory_cart_01.png,icu,emergency_support,emergency_respiratory_cart,1,default,clean,hospital_only,32,8,53,66,1,1,bottom_center,approved,pass,0,,icu;emergency;respiratory;cart;oxygen;wheels,source/generated/incoming/rastalr_icu_02_respiratory_support.png,staging/pending/normalized/emergency_respiratory_cart_01.png,Production batch 05; bottom-center respiratory-support sheet sprite.
emergency_supply_cart_01,emergency_supply_cart_01.png,emergency,supplies,emergency_supply_cart,1,default,clean,hospital_only,32,8,46,57,1,1,bottom_center,approved,warning,0,,emergency;supply;cart;stocked;wheels,source/generated/incoming/rastalr_emergency_02_triage_treatment.png,staging/pending/normalized/emergency_supply_cart_01.png,Batch 07 bottom-center.
emergency_treatment_chair_01,emergency_treatment_chair_01.png,emergency,treatment,emergency_treatment_chair,1,default,clean,hospital_only,32,8,53,56,1,1,bottom_center,approved,pass,0,,emergency;treatment;chair;wheels,source/generated/incoming/rastalr_emergency_02_triage_treatment.png,staging/pending/normalized/emergency_treatment_chair_01.png,Batch 07 top-center.
emergency_wall_resuscitation_panel_01,emergency_wall_resuscitation_panel_01.png,emergency,resuscitation_infrastructure,emergency_wall_resuscitation_panel,1,default,clean,hospital_only,32,8,57,38,2,1,wall_center,approved,warning,0,,emergency;wall;resuscitation;panel;oxygen,source/generated/incoming/rastalr_emergency_03_department_support.png,staging/pending/normalized/emergency_wall_resuscitation_panel_01.png,Batch 07 bottom-left.
endoscopy_imaging_tower_01,endoscopy_imaging_tower_01.png,surgery,imaging,endoscopy_imaging_tower,1,default,clean,hospital_only,32,8,53,58,1,1,bottom_center,approved,pass,0,,endoscopy;imaging;tower;surgery;wheels,source/generated/incoming/rastalr_surgery_alpha_cleanup_01.png,staging/pending/normalized/endoscopy_imaging_tower_01.png,Production batch 06 alpha correction; bottom-right cleaned source sprite.
exam_room_sink_unit_01,exam_room_sink_unit_01.png,examination,hygiene,exam_room_sink_unit,1,default,clean,everyday_world_common,32,8,45,61,2,1,bottom_center,approved,pass,0,,exam_room;sink;cabinet;hygiene;wash_station,source/generated/incoming/rastalr_exam_03_storage_support.png,staging/pending/normalized/exam_room_sink_unit_01.png,Production batch 03; top-center-right storage-support sheet sprite.
exam_room_supply_cabinet_01,exam_room_supply_cabinet_01.png,examination,storage,exam_room_supply_cabinet,1,default,clean,everyday_world_common,32,8,52,63,1,2,bottom_center,approved,pass,0,,exam_room;supply;cabinet;storage;glass,source/generated/incoming/rastalr_exam_03_storage_support.png,staging/pending/normalized/exam_room_supply_cabinet_01.png,Production batch 03; top-center-left storage-support sheet sprite.
exam_room_wall_cabinet_01,exam_room_wall_cabinet_01.png,examination,storage,exam_room_wall_cabinet,1,default,clean,hospital_only,32,8,46,41,1,1,wall_center,approved,pass,0,,exam_room;wall;cabinet;storage;medical,source/generated/incoming/rastalr_exam_03_storage_support.png,staging/pending/normalized/exam_room_wall_cabinet_01.png,Production batch 03; top-left storage-support sheet sprite.
examination_chair_adjustable_01,examination_chair_adjustable_01.png,examination,seating,examination_chair_adjustable,1,default,clean,hospital_only,32,8,53,68,1,1,bottom_center,approved,pass,0,,examination;chair;adjustable;patient;seating,source/generated/incoming/rastalr_exam_01_furniture.png,staging/pending/normalized/examination_chair_adjustable_01.png,Production batch 03; top-center furniture sheet sprite.
examination_lamp_01,examination_lamp_01.png,examination,diagnostics,examination_lamp,1,default,clean,hospital_only,32,8,57,61,1,1,bottom_center,approved,pass,0,,examination;lamp;diagnostic;lighting;wheels,source/generated/incoming/rastalr_exam_02_diagnostics.png,staging/pending/normalized/examination_lamp_01.png,Production batch 03; bottom-right diagnostics sheet sprite.
examination_table_01,examination_table_01.png,examination,furniture,examination_table,1,default,clean,hospital_only,32,8,57,60,1,2,bottom_center,approved,pass,0,,examination;table;patient;adjustable;furniture,source/generated/incoming/rastalr_exam_01_furniture.png,staging/pending/normalized/examination_table_01.png,Production batch 03; top-left furniture sheet sprite.
fluoroscopy_c_arm_01,fluoroscopy_c_arm_01.png,radiology,fluoroscopy,fluoroscopy_c_arm,1,default,clean,hospital_only,32,8,59,59,1,1,bottom_center,approved,pass,0,,fluoroscopy;c_arm;imaging,source/generated/incoming/rastalr_radiology_01_core_imaging.png,staging/pending/normalized/fluoroscopy_c_arm_01.png,Batch 08.
folding_stretcher_storage_rack_01,folding_stretcher_storage_rack_01.png,emergency,stretcher_storage,folding_stretcher_storage_rack,1,default,clean,hospital_only,32,8,46,58,1,1,bottom_center,approved,warning,0,,folding;stretcher;storage;rack;emergency;wheels,source/generated/incoming/rastalr_emergency_03_department_support.png,staging/pending/normalized/folding_stretcher_storage_rack_01.png,Batch 07 bottom-right.
glove_dispenser_01,glove_dispenser_01.png,examination,hygiene,glove_dispenser,1,default,clean,hospital_only,32,8,37,41,1,1,wall_center,approved,pass,0,,glove;dispenser;wall;hygiene;exam_room,source/generated/incoming/rastalr_exam_03_storage_support.png,staging/pending/normalized/glove_dispenser_01.png,Production batch 03; top-right storage-support sheet sprite.
hand_sanitizer_stand_01,hand_sanitizer_stand_01.png,reception,hygiene,hand_sanitizer_stand,1,default,clean,everyday_world_common,32,8,23,61,1,1,bottom_center,approved,pass,0,,hand_sanitizer;stand;hygiene;lobby;utility,source/generated/incoming/rastalr_reception_03_lobby_utilities.png,staging/pending/normalized/hand_sanitizer_stand_01.png,Production batch 04; bottom-right lobby-utilities sheet sprite.
hematology_analyzer_01,hematology_analyzer_01.png,laboratory,analyzers,hematology_analyzer,1,default,clean,hospital_only,32,8,66,63,1,1,bottom_center,approved,pass,0,,laboratory;hematology;analyzer;blood,source/generated/incoming/rastalr_laboratory_02_sample_processing.png,staging/pending/normalized/hematology_analyzer_01.png,Batch 09 final laboratory sheet.
high_flow_oxygen_unit_01,high_flow_oxygen_unit_01.png,icu,respiratory_support,high_flow_oxygen_unit,1,default,clean,hospital_only,32,8,44,67,1,1,bottom_center,approved,warning,0,,icu;high_flow;oxygen;respiratory;wheels,source/generated/incoming/rastalr_icu_02_respiratory_support.png,staging/pending/normalized/high_flow_oxygen_unit_01.png,Production batch 05; top-left respiratory-support sheet sprite.
hospital_bassinet_01,hospital_bassinet_01.png,patient_rooms,beds,hospital_bassinet,1,default,clean,hospital_only,32,8,41,53,1,1,bottom_center,approved,pass,0,,bassinet;newborn;patient_room;nursery;wheels,source/generated/incoming/rastalr_prod_01_patient_beds.png,staging/pending/normalized/hospital_bassinet_01.png,Production batch 01; bottom-center patient-bed sheet sprite.
hospital_bed_bariatric_01,hospital_bed_bariatric_01.png,patient_rooms,beds,hospital_bed_bariatric,1,default,clean,hospital_only,32,8,67,57,2,2,bottom_center,approved,pass,0,,bed;bariatric;patient_room;wide;wheels,source/generated/incoming/rastalr_prod_01_patient_beds.png,staging/pending/normalized/hospital_bed_bariatric_01.png,Production batch 01; bottom-left patient-bed sheet sprite.
hospital_bed_damaged_01,hospital_bed_damaged_01.png,abandoned,damaged_equipment,hospital_bed,1,default,damaged,hospital_only,32,8,53,58,1,2,bottom_center,approved,pass,0,,bed;hospital;damaged;abandoned;horror;wheels,source/generated/incoming/pilot_batch_c_sheet.png,staging/pending/normalized/hospital_bed_damaged_01.png,Pilot Batch C; approved bottom-right source-sheet sprite.
hospital_bed_head_raised_01,hospital_bed_head_raised_01.png,patient_rooms,beds,hospital_bed_head_raised,1,default,clean,hospital_only,32,8,47,60,1,2,bottom_center,approved,pass,0,,bed;patient_room;head_raised;adjustable;wheels,source/generated/incoming/rastalr_prod_01_patient_beds.png,staging/pending/normalized/hospital_bed_head_raised_01.png,Production batch 01; top-left patient-bed sheet sprite.
hospital_bed_pediatric_01,hospital_bed_pediatric_01.png,patient_rooms,beds,hospital_bed_pediatric,1,default,clean,hospital_only,32,8,39,51,1,2,bottom_center,approved,pass,0,,bed;pediatric;patient_room;smaller_scale;wheels,source/generated/incoming/rastalr_prod_01_patient_beds.png,staging/pending/normalized/hospital_bed_pediatric_01.png,Production batch 01; top-right patient-bed sheet sprite.
hospital_bed_rails_lowered_01,hospital_bed_rails_lowered_01.png,patient_rooms,beds,hospital_bed_rails_lowered,1,default,clean,hospital_only,32,8,45,60,1,2,bottom_center,approved,pass,0,,bed;patient_room;rails_lowered;adjustable;wheels,source/generated/incoming/rastalr_prod_01_patient_beds.png,staging/pending/normalized/hospital_bed_rails_lowered_01.png,Production batch 01; top-center patient-bed sheet sprite.
hospital_bed_standard_01,hospital_bed_standard_01.png,patient_rooms,patient_furniture,hospital_bed_standard,1,default,clean,hospital_only,32,8,48,64,1,2,bottom_center,approved,pass,0,,bed;patient_room;wheels;clean;furniture,source/generated/incoming/pilot_batch_a_sheet.png,staging/pending/normalized/hospital_bed_standard_01.png,Pilot Batch A; top-left source-sheet sprite.
hospital_bed_unmade_01,hospital_bed_unmade_01.png,patient_rooms,beds,hospital_bed,1,default,unmade,hospital_only,32,8,49,58,1,2,bottom_center,approved,pass,0,,bed;patient_room;unmade;fabric;wheels,source/generated/incoming/rastalr_prod_01_patient_beds.png,staging/pending/normalized/hospital_bed_unmade_01.png,Production batch 01; bottom-right patient-bed sheet sprite.
hospital_door_glazed_closed_01,hospital_door_glazed_closed_01.png,architecture,doors_openings,hospital_door_glazed_closed,1,default,clean,hospital_only,32,8,32,52,1,1,wall_center,approved,pass,0,,architecture;doors_openings;door;single;hinged;glazed;closed;grid_32;C3,references/architecture/master_validation_C3_v2/sources/rastalr_architecture_master_C3_glazed_single_door_closed_v3.png,staging/pending/normalized/hospital_door_glazed_closed_01.png,Batch 12 C3; validated locked-edit glazed single doorway; exact C1 structural crop.
hospital_door_single_closed_01,hospital_door_single_closed_01.png,architecture,doors_openings,hospital_door_single_closed,1,default,clean,hospital_only,32,8,32,52,1,1,wall_center,approved,pass,0,,architecture;doors_openings;door;single;hinged;closed;grid_32;C1,references/architecture/master_validation_C1_v1/sources/rastalr_architecture_master_C1_single_hinged_door_closed_v1.png,staging/pending/normalized/hospital_door_single_closed_01.png,"Batch 12 C1; exact validated one-cell doorway crop; no trim, padding, or warp."
hospital_door_single_half_open_01,hospital_door_single_half_open_01.png,architecture,doors_openings,hospital_door_single_half_open,1,default,clean,hospital_only,32,8,32,52,1,1,wall_center,approved,pass,1,leaf_projection,architecture;doors_openings;door;single;hinged;half_open;grid_32;C2,references/architecture/master_validation_C2_v1/sources/rastalr_architecture_master_C2_single_hinged_door_half_open_v1.png,staging/pending/normalized/hospital_door_single_half_open_01.png,Batch 12 C2; one logical door asset assembled from a fixed doorway and its validated projecting leaf overlay.
hospital_double_doors_closed_01,hospital_double_doors_closed_01.png,architecture,doors_openings,hospital_double_doors_closed,1,default,clean,hospital_only,32,8,64,52,2,1,wall_center,approved,pass,0,,architecture;doors_openings;door;double;hinged;closed;grid_32;C4,references/architecture/master_validation_C4_v1/sources/rastalr_architecture_master_C4_double_doors_closed_v1.png,staging/pending/normalized/hospital_double_doors_closed_01.png,Batch 12 C4; exact two-cell closed double-door composite crop.
hospital_double_doors_half_open_01,hospital_double_doors_half_open_01.png,architecture,doors_openings,hospital_double_doors_half_open,1,default,clean,hospital_only,32,8,64,52,2,1,wall_center,approved,pass,2,left_leaf_projection;right_leaf_projection,architecture;doors_openings;door;double;hinged;half_open;grid_32;C5,references/architecture/master_validation_C5_v1/sources/rastalr_architecture_master_C5_double_doors_half_open_v1.png,staging/pending/normalized/hospital_double_doors_half_open_01.png,Batch 12 C5; one logical double door assembled from a fixed doorway and two independently anchored leaf overlays.
hospital_equipment_opening_wide_01,hospital_equipment_opening_wide_01.png,architecture,doors_openings,hospital_equipment_opening_wide,1,default,clean,hospital_only,32,8,96,52,3,1,wall_center,approved,pass,0,,architecture;doors_openings;equipment;service_opening;wide;three_cell;grid_32;C8,references/architecture/master_validation_C8_v1/sources/rastalr_architecture_master_C8_wide_equipment_opening_locked_v1.png,staging/pending/normalized/hospital_equipment_opening_wide_01.png,Batch 12 C8; exact three-cell reinforced equipment/service-opening composite crop.
hospital_floor_alt_01,hospital_floor_alt_01.png,architecture,floor,hospital_floor_alt,1,default,clean,hospital_only,32,8,32,32,1,1,center,approved,pass,0,,architecture;floor;alternate;grid_32;A2;cell_r1_c1,references/architecture/master_validation_v1/sources/rastalr_architecture_master_A2_alt_floor.png,staging/pending/normalized/hospital_floor_alt_01.png,Batch 11; validated A2 interior cell r1_c1; exact 256x256 source cell.
hospital_floor_alt_02,hospital_floor_alt_02.png,architecture,floor,hospital_floor_alt,2,default,clean,hospital_only,32,8,32,32,1,1,center,approved,pass,0,,architecture;floor;alternate;grid_32;A2;cell_r1_c3,references/architecture/master_validation_v1/sources/rastalr_architecture_master_A2_alt_floor.png,staging/pending/normalized/hospital_floor_alt_02.png,Batch 11; validated A2 interior cell r1_c3; exact 256x256 source cell.
hospital_floor_alt_03,hospital_floor_alt_03.png,architecture,floor,hospital_floor_alt,3,default,clean,hospital_only,32,8,32,32,1,1,center,approved,pass,0,,architecture;floor;alternate;grid_32;A2;cell_r2_c2,references/architecture/master_validation_v1/sources/rastalr_architecture_master_A2_alt_floor.png,staging/pending/normalized/hospital_floor_alt_03.png,Batch 11; validated A2 interior cell r2_c2; exact 256x256 source cell.
hospital_floor_alt_04,hospital_floor_alt_04.png,architecture,floor,hospital_floor_alt,4,default,clean,hospital_only,32,8,32,32,1,1,center,approved,pass,0,,architecture;floor;alternate;grid_32;A2;cell_r2_c4,references/architecture/master_validation_v1/sources/rastalr_architecture_master_A2_alt_floor.png,staging/pending/normalized/hospital_floor_alt_04.png,Batch 11; validated A2 interior cell r2_c4; exact 256x256 source cell.
hospital_floor_plain_01,hospital_floor_plain_01.png,architecture,floor,hospital_floor_plain,1,default,clean,hospital_only,32,8,32,32,1,1,center,approved,pass,0,,architecture;floor;plain;grid_32;A1;cell_r1_c1,references/architecture/master_validation_v1/sources/rastalr_architecture_master_A1_plain_floor.png,staging/pending/normalized/hospital_floor_plain_01.png,Batch 11; validated A1 interior cell r1_c1; exact 256x256 source cell.
hospital_floor_plain_02,hospital_floor_plain_02.png,architecture,floor,hospital_floor_plain,2,default,clean,hospital_only,32,8,32,32,1,1,center,approved,pass,0,,architecture;floor;plain;grid_32;A1;cell_r1_c3,references/architecture/master_validation_v1/sources/rastalr_architecture_master_A1_plain_floor.png,staging/pending/normalized/hospital_floor_plain_02.png,Batch 11; validated A1 interior cell r1_c3; exact 256x256 source cell.
hospital_floor_plain_03,hospital_floor_plain_03.png,architecture,floor,hospital_floor_plain,3,default,clean,hospital_only,32,8,32,32,1,1,center,approved,pass,0,,architecture;floor;plain;grid_32;A1;cell_r2_c2,references/architecture/master_validation_v1/sources/rastalr_architecture_master_A1_plain_floor.png,staging/pending/normalized/hospital_floor_plain_03.png,Batch 11; validated A1 interior cell r2_c2; exact 256x256 source cell.
hospital_floor_plain_04,hospital_floor_plain_04.png,architecture,floor,hospital_floor_plain,4,default,clean,hospital_only,32,8,32,32,1,1,center,approved,pass,0,,architecture;floor;plain;grid_32;A1;cell_r2_c4,references/architecture/master_validation_v1/sources/rastalr_architecture_master_A1_plain_floor.png,staging/pending/normalized/hospital_floor_plain_04.png,Batch 11; validated A1 interior cell r2_c4; exact 256x256 source cell.
hospital_front_wall_cutaway_01,hospital_front_wall_cutaway_01.png,architecture,wall_front_cutaway,hospital_front_wall_cutaway,1,default,clean,hospital_only,32,8,32,20,1,1,wall_center,approved,pass,0,,architecture;wall;front;south;cutaway;grid_32;B_v2,references/architecture/master_validation_v1/sources/rastalr_architecture_master_B_golden_room_v2.png,staging/pending/normalized/hospital_front_wall_cutaway_01.png,Batch 11; B v2 canonical south/front cutaway c0.
hospital_front_wall_cutaway_02,hospital_front_wall_cutaway_02.png,architecture,wall_front_cutaway,hospital_front_wall_cutaway,2,default,clean,hospital_only,32,8,32,20,1,1,wall_center,approved,pass,0,,architecture;wall;front;south;cutaway;grid_32;B_v2,references/architecture/master_validation_v1/sources/rastalr_architecture_master_B_golden_room_v2.png,staging/pending/normalized/hospital_front_wall_cutaway_02.png,Batch 11; B v2 canonical south/front cutaway c1.
hospital_front_wall_cutaway_03,hospital_front_wall_cutaway_03.png,architecture,wall_front_cutaway,hospital_front_wall_cutaway,3,default,clean,hospital_only,32,8,32,20,1,1,wall_center,approved,pass,0,,architecture;wall;front;south;cutaway;grid_32;B_v2,references/architecture/master_validation_v1/sources/rastalr_architecture_master_B_golden_room_v2.png,staging/pending/normalized/hospital_front_wall_cutaway_03.png,Batch 11; B v2 canonical south/front cutaway c2.
hospital_front_wall_cutaway_04,hospital_front_wall_cutaway_04.png,architecture,wall_front_cutaway,hospital_front_wall_cutaway,4,default,clean,hospital_only,32,8,32,20,1,1,wall_center,approved,pass,0,,architecture;wall;front;south;cutaway;grid_32;B_v2,references/architecture/master_validation_v1/sources/rastalr_architecture_master_B_golden_room_v2.png,staging/pending/normalized/hospital_front_wall_cutaway_04.png,Batch 11; B v2 canonical south/front cutaway c3.
hospital_sliding_clinical_doors_closed_01,hospital_sliding_clinical_doors_closed_01.png,architecture,doors_openings,hospital_sliding_clinical_doors_closed,1,default,clean,hospital_only,32,8,64,52,2,1,wall_center,approved,pass,0,,architecture;doors_openings;door;double;sliding;clinical;closed;grid_32;C6,references/architecture/master_validation_C6_v1/sources/rastalr_architecture_master_C6_sliding_clinical_doors_closed_v1.png,staging/pending/normalized/hospital_sliding_clinical_doors_closed_01.png,Batch 12 C6; exact two-cell closed sliding clinical-door composite crop.
hospital_sliding_clinical_doors_open_01,hospital_sliding_clinical_doors_open_01.png,architecture,doors_openings,hospital_sliding_clinical_doors_open,1,default,clean,hospital_only,32,8,64,52,2,1,wall_center,approved,pass,2,left_parked_leaf;right_parked_leaf,architecture;doors_openings;door;double;sliding;clinical;open;grid_32;C7,references/architecture/master_validation_C7_v1/sources/rastalr_architecture_master_C7_sliding_clinical_doors_open_v1.png,staging/pending/normalized/hospital_sliding_clinical_doors_open_01.png,Batch 12 C7; one logical open sliding-door state assembled from the fixed doorway and two laterally parked leaves.
hospital_wall_back_straight_01,hospital_wall_back_straight_01.png,architecture,wall_back,hospital_wall_back_straight,1,default,clean,hospital_only,32,8,32,52,1,1,wall_center,approved,pass,0,,architecture;wall;back;north;grid_32;B_v2,references/architecture/master_validation_v1/sources/rastalr_architecture_master_B_golden_room_v2.png,staging/pending/normalized/hospital_wall_back_straight_01.png,Batch 11; B v2 canonical north/back component c0.
hospital_wall_back_straight_02,hospital_wall_back_straight_02.png,architecture,wall_back,hospital_wall_back_straight,2,default,clean,hospital_only,32,8,32,52,1,1,wall_center,approved,pass,0,,architecture;wall;back;north;grid_32;B_v2,references/architecture/master_validation_v1/sources/rastalr_architecture_master_B_golden_room_v2.png,staging/pending/normalized/hospital_wall_back_straight_02.png,Batch 11; B v2 canonical north/back component c1.
hospital_wall_back_straight_03,hospital_wall_back_straight_03.png,architecture,wall_back,hospital_wall_back_straight,3,default,clean,hospital_only,32,8,32,52,1,1,wall_center,approved,pass,0,,architecture;wall;back;north;grid_32;B_v2,references/architecture/master_validation_v1/sources/rastalr_architecture_master_B_golden_room_v2.png,staging/pending/normalized/hospital_wall_back_straight_03.png,Batch 11; B v2 canonical north/back component c2.
hospital_wall_back_straight_04,hospital_wall_back_straight_04.png,architecture,wall_back,hospital_wall_back_straight,4,default,clean,hospital_only,32,8,32,52,1,1,wall_center,approved,pass,0,,architecture;wall;back;north;grid_32;B_v2,references/architecture/master_validation_v1/sources/rastalr_architecture_master_B_golden_room_v2.png,staging/pending/normalized/hospital_wall_back_straight_04.png,Batch 11; B v2 canonical north/back component c3.
hospital_wall_side_left_01,hospital_wall_side_left_01.png,architecture,wall_side,hospital_wall_side_left,1,default,clean,hospital_only,32,8,20,32,1,1,wall_center,approved,pass,0,,architecture;wall;side;west;left;grid_32;B_v2,references/architecture/master_validation_v1/sources/rastalr_architecture_master_B_golden_room_v2.png,staging/pending/normalized/hospital_wall_side_left_01.png,Batch 11; B v2 actual west/left shallow wall r0; not mirrored.
hospital_wall_side_left_02,hospital_wall_side_left_02.png,architecture,wall_side,hospital_wall_side_left,2,default,clean,hospital_only,32,8,20,32,1,1,wall_center,approved,pass,0,,architecture;wall;side;west;left;grid_32;B_v2,references/architecture/master_validation_v1/sources/rastalr_architecture_master_B_golden_room_v2.png,staging/pending/normalized/hospital_wall_side_left_02.png,Batch 11; B v2 actual west/left shallow wall r1; not mirrored.
hospital_wall_side_right_01,hospital_wall_side_right_01.png,architecture,wall_side,hospital_wall_side_right,1,default,clean,hospital_only,32,8,20,32,1,1,wall_center,approved,pass,0,,architecture;wall;side;east;right;grid_32;B_v2,references/architecture/master_validation_v1/sources/rastalr_architecture_master_B_golden_room_v2.png,staging/pending/normalized/hospital_wall_side_right_01.png,Batch 11; B v2 actual east/right shallow wall r0; not mirrored.
hospital_wall_side_right_02,hospital_wall_side_right_02.png,architecture,wall_side,hospital_wall_side_right,2,default,clean,hospital_only,32,8,20,32,1,1,wall_center,approved,pass,0,,architecture;wall;side;east;right;grid_32;B_v2,references/architecture/master_validation_v1/sources/rastalr_architecture_master_B_golden_room_v2.png,staging/pending/normalized/hospital_wall_side_right_02.png,Batch 11; B v2 actual east/right shallow wall r1; not mirrored.
humidifier_respiratory_unit_01,humidifier_respiratory_unit_01.png,icu,respiratory_support,humidifier_respiratory_unit,1,default,clean,hospital_only,32,8,41,61,1,1,bottom_center,approved,pass,0,,icu;humidifier;respiratory;oxygen;wheels,source/generated/incoming/rastalr_icu_02_respiratory_support.png,staging/pending/normalized/humidifier_respiratory_unit_01.png,Production batch 05; top-center respiratory-support sheet sprite.
icu_bedside_supply_unit_01,icu_bedside_supply_unit_01.png,icu,supplies,icu_bedside_supply_unit,1,default,clean,hospital_only,32,8,58,62,1,1,bottom_center,approved,pass,0,,icu;bedside;supply;unit;patient_support;wheels,source/generated/incoming/rastalr_icu_03_room_support.png,staging/pending/normalized/icu_bedside_supply_unit_01.png,Production batch 05; bottom-center room-support sheet sprite.
icu_bedside_terminal_01,icu_bedside_terminal_01.png,icu,computing,icu_bedside_terminal,1,default,clean,hospital_only,32,8,42,61,1,1,bottom_center,approved,pass,0,,icu;bedside;terminal;clinical;workstation;wheels,source/generated/incoming/rastalr_icu_01_critical_care_equipment.png,staging/pending/normalized/icu_bedside_terminal_01.png,Production batch 05; bottom-right critical-care-equipment sheet sprite.
icu_ceiling_equipment_boom_01,icu_ceiling_equipment_boom_01.png,icu,infrastructure,icu_ceiling_equipment_boom,1,default,clean,hospital_only,32,8,70,66,2,1,ceiling_center,approved,warning,0,,icu;ceiling;equipment_boom;infrastructure;monitoring,source/generated/incoming/rastalr_icu_03_room_support.png,staging/pending/normalized/icu_ceiling_equipment_boom_01.png,Production batch 05; top-left room-support sheet sprite. Ceiling-specific anchor uses the existing free-form anchor field.
icu_equipment_tower_01,icu_equipment_tower_01.png,icu,equipment_support,icu_equipment_tower,1,default,clean,hospital_only,32,8,38,58,1,1,bottom_center,approved,pass,0,,icu;equipment;tower;support;infusion;wheels,source/generated/incoming/rastalr_icu_01_critical_care_equipment.png,staging/pending/normalized/icu_equipment_tower_01.png,Production batch 05; bottom-center critical-care-equipment sheet sprite.
icu_isolation_supply_cart_01,icu_isolation_supply_cart_01.png,icu,isolation,icu_isolation_supply_cart,1,default,clean,hospital_only,32,8,49,75,1,1,bottom_center,approved,warning,0,,icu;isolation;supply;cart;hygiene;wheels,source/generated/incoming/rastalr_icu_03_room_support.png,staging/pending/normalized/icu_isolation_supply_cart_01.png,Production batch 05; top-right room-support sheet sprite.
icu_monitor_advanced_01,icu_monitor_advanced_01.png,icu,monitoring,icu_monitor_advanced,1,default,clean,hospital_only,32,8,40,61,1,1,bottom_center,approved,pass,0,,icu;monitor;advanced;vitals;waveform;wheels,source/generated/incoming/rastalr_icu_01_critical_care_equipment.png,staging/pending/normalized/icu_monitor_advanced_01.png,Production batch 05; top-left critical-care-equipment sheet sprite.
icu_overbed_medical_rail_01,icu_overbed_medical_rail_01.png,icu,patient_support,icu_overbed_medical_rail,1,default,clean,hospital_only,32,8,69,53,2,1,wall_center,approved,pass,0,,icu;overbed;medical_rail;wall;outlets;patient_support,source/generated/incoming/rastalr_icu_03_room_support.png,staging/pending/normalized/icu_overbed_medical_rail_01.png,Production batch 05; top-center room-support sheet sprite.
icu_storage_cabinet_01,icu_storage_cabinet_01.png,icu,storage,icu_storage_cabinet,1,default,clean,hospital_only,32,8,53,70,1,2,bottom_center,approved,warning,0,,icu;storage;cabinet;supplies;wheels,source/generated/incoming/rastalr_icu_03_room_support.png,staging/pending/normalized/icu_storage_cabinet_01.png,Production batch 05; bottom-left room-support sheet sprite.
icu_ventilator_advanced_01,icu_ventilator_advanced_01.png,icu,ventilation,icu_ventilator_advanced,1,default,clean,hospital_only,32,8,44,59,1,1,bottom_center,approved,pass,0,,icu;ventilator;advanced;respiratory;wheels,source/generated/incoming/rastalr_icu_01_critical_care_equipment.png,staging/pending/normalized/icu_ventilator_advanced_01.png,Production batch 05; bottom-left critical-care-equipment sheet sprite.
infusion_pump_stack_01,infusion_pump_stack_01.png,icu,infusion,infusion_pump_stack,1,default,clean,hospital_only,32,8,37,61,1,1,bottom_center,approved,pass,0,,icu;infusion_pump;stack;iv;wheels,source/generated/incoming/rastalr_icu_01_critical_care_equipment.png,staging/pending/normalized/infusion_pump_stack_01.png,Production batch 05; top-right critical-care-equipment sheet sprite.
instrument_trolley_01,instrument_trolley_01.png,examination,carts,instrument_trolley,1,default,clean,hospital_only,32,8,47,48,1,1,bottom_center,approved,pass,0,,instrument;trolley;medical;cart;wheels,source/generated/incoming/rastalr_exam_01_furniture.png,staging/pending/normalized/instrument_trolley_01.png,Production batch 03; bottom-right furniture sheet sprite.
iv_medication_storage_rack_01,iv_medication_storage_rack_01.png,pharmacy,iv_storage,iv_medication_storage_rack,1,default,clean,hospital_only,32,8,57,61,2,1,bottom_center,approved,warning,0,,pharmacy;iv;medication;storage;rack,source/generated/incoming/rastalr_pharmacy_03_distribution_support.png,staging/pending/normalized/iv_medication_storage_rack_01.png,Batch 10 final pharmacy sheet.
iv_stand_dual_01,iv_stand_dual_01.png,patient_rooms,patient_support,iv_stand_dual,1,default,clean,hospital_only,32,8,32,60,1,1,bottom_center,approved,pass,0,,iv;stand;dual;infusion;patient_support;wheels,source/generated/incoming/rastalr_prod_03_privacy_support.png,staging/pending/normalized/iv_stand_dual_01.png,Production batch 01; top-right privacy-support sheet sprite.
iv_stand_single_01,iv_stand_single_01.png,icu,patient_support,iv_stand_single,1,default,clean,hospital_only,32,8,33,64,1,1,bottom_center,approved,pass,0,,iv;stand;single;infusion;icu;patient_support,source/generated/incoming/pilot_batch_b_sheet.png,staging/pending/normalized/iv_stand_single_01.png,Pilot Batch B; top-center source-sheet sprite.
janitorial_cart_01,janitorial_cart_01.png,reception,cleaning,janitorial_cart,1,default,clean,everyday_world_common,32,8,50,68,1,1,bottom_center,approved,warning,0,,janitorial;cart;cleaning;mop;utility,source/generated/incoming/rastalr_reception_03_lobby_utilities.png,staging/pending/normalized/janitorial_cart_01.png,Production batch 04; bottom-left lobby-utilities sheet sprite.
laboratory_analyzer_01,laboratory_analyzer_01.png,laboratory,analytical_equipment,laboratory_analyzer,1,default,clean,hospital_only,32,8,60,54,2,1,bottom_center,approved,pass,0,,analyzer;laboratory;diagnostic;screen;samples;equipment,source/generated/incoming/pilot_batch_c_sheet.png,staging/pending/normalized/laboratory_analyzer_01.png,Pilot Batch C; approved top-right source-sheet sprite.
laboratory_autoclave_01,laboratory_autoclave_01.png,laboratory,sterilization,laboratory_autoclave,1,default,clean,hospital_only,32,8,64,52,1,1,bottom_center,approved,pass,0,,laboratory;autoclave;sterilization,source/generated/incoming/rastalr_laboratory_03_specialized_support.png,staging/pending/normalized/laboratory_autoclave_01.png,Batch 09 final laboratory sheet.
laboratory_biosafety_cabinet_01,laboratory_biosafety_cabinet_01.png,laboratory,biosafety,laboratory_biosafety_cabinet,1,default,clean,hospital_only,32,8,58,61,2,1,bottom_center,approved,pass,0,,laboratory;biosafety;cabinet;sample_handling,source/generated/incoming/rastalr_laboratory_01_core_lab_equipment.png,staging/pending/normalized/laboratory_biosafety_cabinet_01.png,Batch 09 final laboratory sheet; standalone cabinet.
laboratory_biosample_cart_01,laboratory_biosample_cart_01.png,laboratory,sample_transport,laboratory_biosample_cart,1,default,clean,hospital_only,32,8,61,69,1,1,bottom_center,approved,pass,0,,laboratory;biosample;cart;sample_transport,source/generated/incoming/rastalr_laboratory_02_sample_processing.png,staging/pending/normalized/laboratory_biosample_cart_01.png,Batch 09 final laboratory sheet.
laboratory_centrifuge_01,laboratory_centrifuge_01.png,laboratory,centrifugation,laboratory_centrifuge,1,default,clean,hospital_only,32,8,49,53,1,1,bottom_center,approved,pass,0,,laboratory;centrifuge;sample_processing,source/generated/incoming/rastalr_laboratory_01_core_lab_equipment.png,staging/pending/normalized/laboratory_centrifuge_01.png,Batch 09 final laboratory sheet.
laboratory_fume_hood_01,laboratory_fume_hood_01.png,laboratory,ventilation,laboratory_fume_hood,1,default,clean,hospital_only,32,8,62,69,2,1,bottom_center,approved,warning,0,,laboratory;fume_hood;ventilation;chemical,source/generated/incoming/rastalr_laboratory_03_specialized_support.png,staging/pending/normalized/laboratory_fume_hood_01.png,Batch 09 final laboratory sheet; distinct from biosafety cabinet.
laboratory_handwash_sink_01,laboratory_handwash_sink_01.png,laboratory,hygiene,laboratory_handwash_sink,1,default,clean,everyday_world_common,32,8,58,62,2,1,bottom_center,approved,pass,0,,sink;handwash;hygiene;laboratory,source/generated/incoming/rastalr_laboratory_03_specialized_support.png,staging/pending/normalized/laboratory_handwash_sink_01.png,Batch 09 final laboratory sheet; dedicated hygiene station.
laboratory_incubator_01,laboratory_incubator_01.png,laboratory,incubation,laboratory_incubator,1,default,clean,hospital_only,32,8,47,58,1,1,bottom_center,approved,pass,0,,laboratory;incubator;biological_samples,source/generated/incoming/rastalr_laboratory_01_core_lab_equipment.png,staging/pending/normalized/laboratory_incubator_01.png,Batch 09 final laboratory sheet.
laboratory_micropipette_station_01,laboratory_micropipette_station_01.png,laboratory,bench_equipment,laboratory_micropipette_station,1,default,clean,hospital_only,32,8,60,52,1,1,bottom_center,approved,pass,0,,laboratory;micropipette;sample_preparation,source/generated/incoming/rastalr_laboratory_02_sample_processing.png,staging/pending/normalized/laboratory_micropipette_station_01.png,Batch 09 final laboratory sheet.
laboratory_microscope_01,laboratory_microscope_01.png,laboratory,optical_equipment,laboratory_microscope,1,default,clean,hospital_only,32,8,37,58,1,1,bottom_center,approved,pass,0,,microscope;laboratory;optical;analysis;bench_equipment,source/generated/incoming/pilot_batch_c_sheet.png,staging/pending/normalized/laboratory_microscope_01.png,Pilot Batch C; approved top-middle source-sheet sprite.
laboratory_refrigerator_01,laboratory_refrigerator_01.png,laboratory,cold_storage,laboratory_refrigerator,1,default,clean,hospital_only,32,8,44,68,1,1,bottom_center,approved,pass,0,,laboratory;refrigerator;cold_storage,source/generated/incoming/rastalr_laboratory_01_core_lab_equipment.png,staging/pending/normalized/laboratory_refrigerator_01.png,Batch 09 final laboratory sheet.
laboratory_vortex_mixer_01,laboratory_vortex_mixer_01.png,laboratory,sample_processing,laboratory_vortex_mixer,1,default,clean,hospital_only,32,8,46,51,1,1,bottom_center,approved,pass,0,,laboratory;vortex;mixer;sample_processing,source/generated/incoming/rastalr_laboratory_02_sample_processing.png,staging/pending/normalized/laboratory_vortex_mixer_01.png,Batch 09 final laboratory sheet.
laboratory_workbench_01,laboratory_workbench_01.png,laboratory,workstations,laboratory_workbench,1,default,clean,hospital_only,32,8,67,58,2,1,bottom_center,approved,pass,0,,laboratory;workbench;sink;workstation,source/generated/incoming/rastalr_laboratory_01_core_lab_equipment.png,staging/pending/normalized/laboratory_workbench_01.png,Batch 09 final laboratory sheet; modular standalone workbench.
linen_hamper_01,linen_hamper_01.png,patient_rooms,ward_accessories,linen_hamper,1,default,clean,everyday_world_common,32,8,47,58,1,1,bottom_center,approved,pass,0,,linen;hamper;laundry;ward;wheels,source/generated/incoming/rastalr_prod_04_ward_monitoring_accessories.png,staging/pending/normalized/linen_hamper_01.png,Production batch 02; bottom-left ward-accessories sheet sprite.
lobby_plant_01,lobby_plant_01.png,reception,decor,lobby_plant,1,default,clean,everyday_world_common,32,8,42,59,1,1,bottom_center,approved,warning,0,,lobby;plant;decor;planter;greenery,source/generated/incoming/rastalr_reception_03_lobby_utilities.png,staging/pending/normalized/lobby_plant_01.png,Production batch 04; top-left lobby-utilities sheet sprite.
locked_medication_cart_01,locked_medication_cart_01.png,pharmacy,secure_distribution,locked_medication_cart,1,default,clean,hospital_only,32,8,54,59,1,1,bottom_center,approved,warning,0,,pharmacy;locked;medication;cart;secure,source/generated/incoming/rastalr_pharmacy_03_distribution_support.png,staging/pending/normalized/locked_medication_cart_01.png,Batch 10 final pharmacy sheet.
mammography_unit_01,mammography_unit_01.png,radiology,mammography,mammography_unit,1,default,clean,hospital_only,32,8,37,59,1,1,bottom_center,approved,pass,0,,mammography;imaging,source/generated/incoming/rastalr_radiology_01_core_imaging.png,staging/pending/normalized/mammography_unit_01.png,Batch 08.
mayo_stand_01,mayo_stand_01.png,surgery,instruments,mayo_stand,1,default,clean,hospital_only,32,8,42,56,1,1,bottom_center,approved,warning,0,,mayo;stand;surgical;tray;sterile;wheels,source/generated/incoming/rastalr_surgery_01_operating_room_core.png,staging/pending/normalized/mayo_stand_01.png,Production batch 06; bottom-center operating-room-core sprite.
meal_tray_01,meal_tray_01.png,inventory_ui,meal_items,meal_tray,1,default,clean,everyday_world_common,32,8,67,42,1,1,center,approved,pass,0,,meal;tray;food;patient;inventory;cafeteria,source/generated/incoming/rastalr_prod_04_ward_monitoring_accessories.png,staging/pending/normalized/meal_tray_01.png,Production batch 02; bottom-right ward-accessories sheet sprite.
medical_cart_base_01,medical_cart_base_01.png,examination,mobile_equipment,medical_cart_base,1,default,clean,hospital_only,32,8,39,50,1,1,bottom_center,approved,pass,0,,cart;medical;mobile;drawers;wheels;equipment,source/generated/incoming/pilot_batch_a_sheet.png,staging/pending/normalized/medical_cart_base_01.png,Pilot Batch A; bottom-center source-sheet sprite.
medical_inventory_first_aid_kit_01,medical_inventory_first_aid_kit_01.png,inventory_ui,medical_inventory,medical_inventory_first_aid_kit,1,default,clean,everyday_world_common,32,8,58,45,1,1,center,approved,pass,0,,inventory;medical;first_aid;kit;ui;icon,source/generated/incoming/pilot_batch_c2_corrections_sheet.png,staging/pending/normalized/medical_inventory_first_aid_kit_01.png,Pilot Batch C2 replacement; approved right source-sheet sprite.
medical_stool_01,medical_stool_01.png,examination,clinical_seating,medical_stool,1,default,clean,hospital_only,32,8,36,45,1,1,bottom_center,approved,pass,0,,stool;clinical;seating;wheels;examination,source/generated/incoming/pilot_batch_a_sheet.png,staging/pending/normalized/medical_stool_01.png,Pilot Batch A; bottom-left source-sheet sprite.
medication_delivery_cart_01,medication_delivery_cart_01.png,pharmacy,medication_distribution,medication_delivery_cart,1,default,clean,hospital_only,32,8,56,62,1,1,bottom_center,approved,pass,0,,pharmacy;medication;delivery;cart;distribution,source/generated/incoming/rastalr_pharmacy_03_distribution_support.png,staging/pending/normalized/medication_delivery_cart_01.png,Batch 10 final pharmacy sheet.
medication_pickup_counter_01,medication_pickup_counter_01.png,pharmacy,pickup_dispensing,medication_pickup_counter,1,default,clean,hospital_only,32,8,67,60,2,1,bottom_center,approved,warning,0,,pharmacy;medication;pickup;counter;dispensing,source/generated/incoming/rastalr_pharmacy_03_distribution_support.png,staging/pending/normalized/medication_pickup_counter_01.png,Batch 10 final pharmacy sheet.
medication_sorting_tray_station_01,medication_sorting_tray_station_01.png,pharmacy,medication_sorting,medication_sorting_tray_station,1,default,clean,hospital_only,32,8,57,56,2,1,bottom_center,approved,pass,0,,pharmacy;medication;sorting;tray;mobile,source/generated/incoming/rastalr_pharmacy_02_preparation_packaging.png,staging/pending/normalized/medication_sorting_tray_station_01.png,Batch 10 final pharmacy sheet.
mobile_oxygen_air_manifold_01,mobile_oxygen_air_manifold_01.png,icu,oxygen,mobile_oxygen_air_manifold,1,default,clean,hospital_only,32,8,47,66,1,1,bottom_center,approved,pass,0,,icu;oxygen;air;manifold;cylinders;wheels,source/generated/incoming/rastalr_icu_02_respiratory_support.png,staging/pending/normalized/mobile_oxygen_air_manifold_01.png,Production batch 05; top-right respiratory-support sheet sprite.
mobile_radiation_shield_01,mobile_radiation_shield_01.png,radiology,radiation_protection,mobile_radiation_shield,1,default,clean,hospital_only,32,8,44,57,1,1,bottom_center,approved,warning,0,,radiation;shield;mobile,source/generated/incoming/rastalr_radiology_02_room_support.png,staging/pending/normalized/mobile_radiation_shield_01.png,Batch 08.
mri_ferromagnetic_screening_station_01,mri_ferromagnetic_screening_station_01.png,radiology,mri_safety,mri_ferromagnetic_screening_station,1,default,clean,hospital_only,32,8,60,51,1,1,bottom_center,approved,pass,0,,mri;safety;screening,source/generated/incoming/rastalr_radiology_03_specialized_imaging.png,staging/pending/normalized/mri_ferromagnetic_screening_station_01.png,Batch 08.
mri_safe_equipment_cart_01,mri_safe_equipment_cart_01.png,radiology,modality_support,mri_safe_equipment_cart,1,default,clean,hospital_only,32,8,56,58,1,1,bottom_center,approved,pass,0,,mri;safe;equipment;cart,source/generated/incoming/rastalr_radiology_03_specialized_imaging.png,staging/pending/normalized/mri_safe_equipment_cart_01.png,Batch 08.
mri_scanner_01,mri_scanner_01.png,radiology,diagnostic_imaging,mri_scanner,1,default,clean,hospital_only,32,8,58,60,2,2,bottom_center,approved,pass,0,,mri;scanner;radiology;diagnostic;imaging;large_equipment,source/generated/incoming/pilot_batch_b_sheet.png,staging/pending/normalized/mri_scanner_01.png,Pilot Batch B; bottom-right source-sheet sprite.
nuclear_medicine_gamma_camera_01,nuclear_medicine_gamma_camera_01.png,radiology,nuclear_medicine,nuclear_medicine_gamma_camera,1,default,clean,hospital_only,32,8,56,47,2,1,bottom_center,approved,warning,0,,nuclear;medicine;gamma_camera,source/generated/incoming/rastalr_radiology_03_specialized_imaging.png,staging/pending/normalized/nuclear_medicine_gamma_camera_01.png,Batch 08.
nurse_call_panel_01,nurse_call_panel_01.png,patient_rooms,ward_accessories,nurse_call_panel,1,default,clean,hospital_only,32,8,42,50,1,1,wall_center,approved,pass,0,,nurse_call;wall;panel;patient_room;communication,source/generated/incoming/rastalr_prod_04_ward_monitoring_accessories.png,staging/pending/normalized/nurse_call_panel_01.png,Production batch 02; top-center ward-accessories sheet sprite.
operating_table_01,operating_table_01.png,surgery,operating_tables,operating_table,1,default,clean,hospital_only,32,8,71,50,2,1,bottom_center,approved,warning,0,,operating;table;surgery;or;wheels,source/generated/incoming/rastalr_surgery_01_operating_room_core.png,staging/pending/normalized/operating_table_01.png,Production batch 06; top-left operating-room-core sprite.
operating_table_raised_01,operating_table_raised_01.png,surgery,operating_tables,operating_table_raised,1,default,clean,hospital_only,32,8,61,66,2,1,bottom_center,approved,pass,0,,operating;table;raised;surgery;or;wheels,source/generated/incoming/rastalr_surgery_01_operating_room_core.png,staging/pending/normalized/operating_table_raised_01.png,Production batch 06; top-center operating-room-core sprite.
otoscope_ophthalmoscope_unit_01,otoscope_ophthalmoscope_unit_01.png,examination,diagnostics,otoscope_ophthalmoscope_unit,1,default,clean,hospital_only,32,8,36,62,1,1,bottom_center,approved,pass,0,,otoscope;ophthalmoscope;diagnostic;mobile;wheels,source/generated/incoming/rastalr_exam_02_diagnostics.png,staging/pending/normalized/otoscope_ophthalmoscope_unit_01.png,Production batch 03; top-right diagnostics sheet sprite.
overbed_table_01,overbed_table_01.png,patient_rooms,patient_furniture,overbed_table,1,default,clean,hospital_only,32,8,62,59,2,1,bottom_center,approved,pass,0,,table;overbed;patient_room;adjustable;wheels,source/generated/incoming/rastalr_prod_02_bedside_furniture.png,staging/pending/normalized/overbed_table_01.png,Production batch 01; top-right bedside-furniture sheet sprite.
oxygen_concentrator_01,oxygen_concentrator_01.png,patient_rooms,patient_support,oxygen_concentrator,1,default,clean,hospital_only,32,8,39,53,1,1,bottom_center,approved,pass,0,,oxygen;concentrator;patient_support;wheels;medical_gas,source/generated/incoming/rastalr_prod_05_privacy_storage_support.png,staging/pending/normalized/oxygen_concentrator_01.png,Production batch 02; bottom-center privacy-storage-support sheet sprite.
oxygen_cylinder_mobile_01,oxygen_cylinder_mobile_01.png,patient_rooms,patient_support,oxygen_cylinder_mobile,1,default,clean,hospital_only,32,8,32,54,1,1,bottom_center,approved,pass,0,,oxygen;cylinder;mobile;patient_support;wheels;medical_gas,source/generated/incoming/rastalr_prod_03_privacy_support.png,staging/pending/normalized/oxygen_cylinder_mobile_01.png,Production batch 01; bottom-center privacy-support sheet sprite.
paper_roll_holder_01,paper_roll_holder_01.png,examination,patient_support,paper_roll_holder,1,default,clean,hospital_only,32,8,60,34,1,1,wall_center,approved,pass,0,,paper_roll;holder;wall;exam_room;patient_support,source/generated/incoming/rastalr_exam_03_storage_support.png,staging/pending/normalized/paper_roll_holder_01.png,Production batch 03; bottom-center storage-support sheet sprite.
patient_chair_exam_room_01,patient_chair_exam_room_01.png,examination,seating,patient_chair_exam_room,1,default,clean,everyday_world_common,32,8,46,52,1,1,bottom_center,approved,pass,0,,patient;chair;exam_room;seating;teal,source/generated/incoming/rastalr_exam_01_furniture.png,staging/pending/normalized/patient_chair_exam_room_01.png,Production batch 03; bottom-left furniture sheet sprite.
patient_monitor_bedside_compact_01,patient_monitor_bedside_compact_01.png,patient_rooms,ward_accessories,patient_monitor_bedside_compact,1,default,clean,hospital_only,32,8,39,61,1,1,bottom_center,approved,pass,0,,monitor;patient;bedside;compact;vitals;wheels,source/generated/incoming/rastalr_prod_04_ward_monitoring_accessories.png,staging/pending/normalized/patient_monitor_bedside_compact_01.png,Production batch 02; top-left ward-accessories sheet sprite.
patient_monitor_floor_01,patient_monitor_floor_01.png,icu,patient_monitoring,patient_monitor_floor,1,default,clean,hospital_only,32,8,40,63,1,1,bottom_center,approved,pass,0,,monitor;patient;floor;icu;screen;wheels,source/generated/incoming/pilot_batch_b_sheet.png,staging/pending/normalized/patient_monitor_floor_01.png,Pilot Batch B; top-left source-sheet sprite.
patient_monitor_wall_01,patient_monitor_wall_01.png,patient_rooms,patient_support,patient_monitor_wall,1,default,clean,hospital_only,32,8,46,56,1,1,wall_center,approved,pass,0,,monitor;patient;wall;screen;patient_support;vitals,source/generated/incoming/rastalr_prod_03_privacy_support.png,staging/pending/normalized/patient_monitor_wall_01.png,Production batch 01; bottom-right privacy-support sheet sprite.
patient_room_wardrobe_01,patient_room_wardrobe_01.png,patient_rooms,room_furniture,patient_room_wardrobe,1,default,clean,everyday_world_common,32,8,49,65,1,2,bottom_center,approved,pass,0,,wardrobe;storage;furniture;patient_room;cabinet,source/generated/incoming/rastalr_prod_02_bedside_furniture.png,staging/pending/normalized/patient_room_wardrobe_01.png,Production batch 01; bottom-left bedside-furniture sheet sprite.
patient_room_waste_bin_01,patient_room_waste_bin_01.png,patient_rooms,ward_accessories,patient_room_waste_bin,1,default,clean,everyday_world_common,32,8,35,51,1,1,bottom_center,approved,pass,0,,waste_bin;patient_room;pedal_bin;ward;utility,source/generated/incoming/rastalr_prod_04_ward_monitoring_accessories.png,staging/pending/normalized/patient_room_waste_bin_01.png,Production batch 02; bottom-center ward-accessories sheet sprite.
patient_scale_01,patient_scale_01.png,examination,diagnostics,patient_scale,1,default,clean,hospital_only,32,8,34,63,1,1,bottom_center,approved,pass,0,,patient;scale;diagnostic;weight;measurement,source/generated/incoming/rastalr_exam_02_diagnostics.png,staging/pending/normalized/patient_scale_01.png,Production batch 03; top-center-left diagnostics sheet sprite.
patient_storage_cabinet_01,patient_storage_cabinet_01.png,patient_rooms,room_furniture,patient_storage_cabinet,1,default,clean,everyday_world_common,32,8,44,65,1,2,bottom_center,approved,pass,0,,storage;cabinet;patient_room;clean;furniture,source/generated/incoming/rastalr_prod_05_privacy_storage_support.png,staging/pending/normalized/patient_storage_cabinet_01.png,Production batch 02; top-right privacy-storage-support sheet sprite.
patient_warming_unit_01,patient_warming_unit_01.png,surgery,patient_warming,patient_warming_unit,1,default,clean,hospital_only,32,8,47,57,1,1,bottom_center,approved,warning,0,,patient;warming;unit;surgery;wheels,source/generated/incoming/rastalr_surgery_03_specialized_or_support.png,staging/pending/normalized/patient_warming_unit_01.png,Production batch 06; top-center specialized-or-support sprite.
pcr_thermal_cycler_01,pcr_thermal_cycler_01.png,laboratory,molecular_diagnostics,pcr_thermal_cycler,1,default,clean,hospital_only,32,8,52,58,1,1,bottom_center,approved,pass,0,,laboratory;pcr;thermal_cycler;molecular_diagnostics,source/generated/incoming/rastalr_laboratory_02_sample_processing.png,staging/pending/normalized/pcr_thermal_cycler_01.png,Batch 09 final laboratory sheet.
pet_ct_scanner_01,pet_ct_scanner_01.png,radiology,pet_ct,pet_ct_scanner,1,default,clean,hospital_only,32,8,60,55,2,2,bottom_center,approved,warning,0,,pet;ct;scanner,source/generated/incoming/rastalr_radiology_03_specialized_imaging.png,staging/pending/normalized/pet_ct_scanner_01.png,Batch 08.
pharmacy_clean_bench_01,pharmacy_clean_bench_01.png,pharmacy,sterile_compounding,pharmacy_clean_bench,1,default,clean,hospital_only,32,8,60,66,2,1,bottom_center,approved,warning,0,,pharmacy;clean_bench;sterile;iv_compounding,source/generated/incoming/rastalr_pharmacy_02_preparation_packaging.png,staging/pending/normalized/pharmacy_clean_bench_01.png,Batch 10 final pharmacy sheet.
pharmacy_compounding_workstation_01,pharmacy_compounding_workstation_01.png,pharmacy,compounding,pharmacy_compounding_workstation,1,default,clean,hospital_only,32,8,65,64,2,1,bottom_center,approved,pass,0,,pharmacy;compounding;workstation;medication,source/generated/incoming/rastalr_pharmacy_02_preparation_packaging.png,staging/pending/normalized/pharmacy_compounding_workstation_01.png,Batch 10 final pharmacy sheet; standalone workstation.
pharmacy_dispensing_counter_01,pharmacy_dispensing_counter_01.png,pharmacy,dispensing,pharmacy_dispensing_counter,1,default,clean,hospital_only,32,8,63,57,2,1,bottom_center,approved,pass,0,,pharmacy;dispensing;counter;medication,source/generated/incoming/rastalr_pharmacy_01_dispensing_storage.png,staging/pending/normalized/pharmacy_dispensing_counter_01.png,Batch 10 final pharmacy sheet.
pharmacy_label_printer_station_01,pharmacy_label_printer_station_01.png,pharmacy,labeling,pharmacy_label_printer_station,1,default,clean,hospital_only,32,8,62,61,2,1,bottom_center,approved,pass,0,,pharmacy;label;printer;scanner;terminal,source/generated/incoming/rastalr_pharmacy_02_preparation_packaging.png,staging/pending/normalized/pharmacy_label_printer_station_01.png,Batch 10 final pharmacy sheet.
pharmacy_medication_shelving_01,pharmacy_medication_shelving_01.png,pharmacy,medication_storage,pharmacy_medication_shelving,1,default,clean,hospital_only,32,8,54,64,2,1,bottom_center,approved,pass,0,,pharmacy;medication;shelving;storage,source/generated/incoming/rastalr_pharmacy_01_dispensing_storage.png,staging/pending/normalized/pharmacy_medication_shelving_01.png,Batch 10 final pharmacy sheet.
pharmacy_refrigerator_01,pharmacy_refrigerator_01.png,pharmacy,cold_storage,pharmacy_refrigerator,1,default,clean,hospital_only,32,8,43,63,1,1,bottom_center,approved,pass,0,,pharmacy;medication;refrigerator;vaccine;cold_storage,source/generated/incoming/rastalr_pharmacy_01_dispensing_storage.png,staging/pending/normalized/pharmacy_refrigerator_01.png,Batch 10 final pharmacy sheet.
pharmacy_returns_bin_station_01,pharmacy_returns_bin_station_01.png,pharmacy,medication_returns,pharmacy_returns_bin_station,1,default,clean,hospital_only,32,8,61,52,1,1,bottom_center,approved,pass,0,,pharmacy;returns;medication;disposal;bins,source/generated/incoming/rastalr_pharmacy_03_distribution_support.png,staging/pending/normalized/pharmacy_returns_bin_station_01.png,Batch 10 final pharmacy sheet.
physician_desk_small_01,physician_desk_small_01.png,examination,furniture,physician_desk_small,1,default,clean,everyday_world_common,32,8,62,43,2,1,bottom_center,approved,pass,0,,physician;desk;office;storage;furniture,source/generated/incoming/rastalr_exam_01_furniture.png,staging/pending/normalized/physician_desk_small_01.png,Production batch 03; bottom-center furniture sheet sprite.
portable_ultrasound_01,portable_ultrasound_01.png,examination,diagnostics,portable_ultrasound,1,default,clean,hospital_only,32,8,46,60,1,1,bottom_center,approved,pass,0,,ultrasound;portable;diagnostic;imaging;wheels,source/generated/incoming/rastalr_exam_02_diagnostics.png,staging/pending/normalized/portable_ultrasound_01.png,Production batch 03; bottom-center diagnostics sheet sprite.
portable_xray_unit_01,portable_xray_unit_01.png,emergency,diagnostics,portable_xray_unit,1,default,clean,hospital_only,32,8,50,56,1,1,bottom_center,approved,pass,0,,portable;xray;diagnostic;emergency;wheels,source/generated/incoming/rastalr_emergency_02_triage_treatment.png,staging/pending/normalized/portable_xray_unit_01.png,Batch 07 bottom-left.
prescription_will_call_rack_01,prescription_will_call_rack_01.png,pharmacy,prescription_storage,prescription_will_call_rack,1,default,clean,hospital_only,32,8,55,63,2,1,bottom_center,approved,warning,0,,pharmacy;prescription;will_call;rack;storage,source/generated/incoming/rastalr_pharmacy_03_distribution_support.png,staging/pending/normalized/prescription_will_call_rack_01.png,Batch 10 final pharmacy sheet.
privacy_curtain_corner_01,privacy_curtain_corner_01.png,patient_rooms,patient_support,privacy_curtain_corner,1,default,clean,hospital_only,32,8,53,59,2,2,bottom_center,approved,pass,0,,privacy;curtain;corner;divider;patient_room;wheels,source/generated/incoming/rastalr_prod_03_privacy_support.png,staging/pending/normalized/privacy_curtain_corner_01.png,Production batch 01; top-center privacy-support sheet sprite.
privacy_curtain_folded_01,privacy_curtain_folded_01.png,patient_rooms,privacy,privacy_curtain_folded,1,default,clean,hospital_only,32,8,31,62,1,1,bottom_center,approved,pass,0,,privacy;curtain;folded;divider;patient_room;wheels,source/generated/incoming/rastalr_prod_05_privacy_storage_support.png,staging/pending/normalized/privacy_curtain_folded_01.png,Production batch 02; top-left privacy-storage-support sheet sprite.
privacy_curtain_straight_01,privacy_curtain_straight_01.png,patient_rooms,patient_support,privacy_curtain_straight,1,default,clean,hospital_only,32,8,49,56,2,1,bottom_center,approved,pass,0,,privacy;curtain;straight;divider;patient_room;wheels,source/generated/incoming/rastalr_prod_03_privacy_support.png,staging/pending/normalized/privacy_curtain_straight_01.png,Production batch 01; top-left privacy-support sheet sprite.
privacy_screen_mobile_01,privacy_screen_mobile_01.png,patient_rooms,privacy,privacy_screen_mobile,1,default,clean,hospital_only,32,8,68,55,2,1,bottom_center,approved,pass,0,,privacy;screen;mobile;divider;patient_room;wheels,source/generated/incoming/rastalr_prod_05_privacy_storage_support.png,staging/pending/normalized/privacy_screen_mobile_01.png,Production batch 02; top-center privacy-storage-support sheet sprite.
queue_barrier_corner_01,queue_barrier_corner_01.png,reception,queue_systems,queue_barrier_corner,1,default,clean,everyday_world_common,32,8,60,44,2,2,bottom_center,approved,warning,0,,queue;barrier;corner;stanchion;lobby,source/generated/incoming/rastalr_reception_02_waiting_queue.png,staging/pending/normalized/queue_barrier_corner_01.png,Production batch 04; bottom-center waiting-queue sheet sprite.
queue_barrier_straight_01,queue_barrier_straight_01.png,reception,queue_systems,queue_barrier_straight,1,default,clean,everyday_world_common,32,8,57,36,2,1,bottom_center,approved,warning,0,,queue;barrier;straight;stanchion;lobby,source/generated/incoming/rastalr_reception_02_waiting_queue.png,staging/pending/normalized/queue_barrier_straight_01.png,Production batch 04; bottom-left waiting-queue sheet sprite.
queue_ticket_dispenser_01,queue_ticket_dispenser_01.png,reception,queue_systems,queue_ticket_dispenser,1,default,clean,everyday_world_common,32,8,27,58,1,1,bottom_center,approved,pass,0,,queue;ticket;dispenser;reception;stand,source/generated/incoming/rastalr_reception_01_core_front_desk.png,staging/pending/normalized/queue_ticket_dispenser_01.png,Production batch 04; bottom-center core-front-desk sheet sprite.
radiography_table_system_01,radiography_table_system_01.png,radiology,radiography,radiography_table_system,1,default,clean,hospital_only,32,8,56,58,2,1,bottom_center,approved,pass,0,,radiography;table;imaging,source/generated/incoming/rastalr_radiology_01_core_imaging.png,staging/pending/normalized/radiography_table_system_01.png,Batch 08.
radiology_contrast_injector_01,radiology_contrast_injector_01.png,radiology,contrast,radiology_contrast_injector,1,default,clean,hospital_only,32,8,34,59,1,1,bottom_center,approved,pass,0,,contrast;injector;radiology,source/generated/incoming/rastalr_radiology_01_core_imaging.png,staging/pending/normalized/radiology_contrast_injector_01.png,Batch 08.
radiology_lead_apron_rack_01,radiology_lead_apron_rack_01.png,radiology,radiation_protection,radiology_lead_apron_rack,1,default,clean,hospital_only,32,8,56,50,1,1,bottom_center,approved,warning,0,,lead;apron;rack;radiation,source/generated/incoming/rastalr_radiology_02_room_support.png,staging/pending/normalized/radiology_lead_apron_rack_01.png,Batch 08.
radiology_patient_step_platform_01,radiology_patient_step_platform_01.png,radiology,patient_positioning,radiology_patient_step_platform,1,default,clean,hospital_only,32,8,59,56,1,1,bottom_center,approved,pass,0,,patient;step;platform;radiology,source/generated/incoming/rastalr_radiology_03_specialized_imaging.png,staging/pending/normalized/radiology_patient_step_platform_01.png,Batch 08.
radiology_patient_transfer_board_rack_01,radiology_patient_transfer_board_rack_01.png,radiology,patient_transfer,radiology_patient_transfer_board_rack,1,default,clean,hospital_only,32,8,52,59,1,1,bottom_center,approved,pass,0,,patient;transfer;board;rack,source/generated/incoming/rastalr_radiology_02_room_support.png,staging/pending/normalized/radiology_patient_transfer_board_rack_01.png,Batch 08.
radiology_positioning_aids_cart_01,radiology_positioning_aids_cart_01.png,radiology,positioning,radiology_positioning_aids_cart,1,default,clean,hospital_only,32,8,45,59,1,1,bottom_center,approved,pass,0,,positioning;aids;cart,source/generated/incoming/rastalr_radiology_02_room_support.png,staging/pending/normalized/radiology_positioning_aids_cart_01.png,Batch 08.
radiology_workstation_01,radiology_workstation_01.png,radiology,workstations,radiology_workstation,1,default,clean,hospital_only,32,8,60,54,1,1,bottom_center,approved,pass,0,,radiology;workstation;imaging,source/generated/incoming/rastalr_radiology_01_core_imaging.png,staging/pending/normalized/radiology_workstation_01.png,Batch 08.
reception_counter_accessible_01,reception_counter_accessible_01.png,reception,counters,reception_counter_accessible,1,default,clean,everyday_world_common,32,8,61,52,2,1,bottom_center,approved,pass,0,,reception;counter;accessible;low_counter;lobby;modular,source/generated/incoming/rastalr_reception_01_core_front_desk.png,staging/pending/normalized/reception_counter_accessible_01.png,Production batch 04; top-right core-front-desk sheet sprite.
reception_counter_corner_01,reception_counter_corner_01.png,reception,counters,reception_counter_corner,1,default,clean,everyday_world_common,32,8,60,50,2,2,bottom_center,approved,pass,0,,reception;counter;corner;lobby;modular,source/generated/incoming/rastalr_reception_01_core_front_desk.png,staging/pending/normalized/reception_counter_corner_01.png,Production batch 04; top-left core-front-desk sheet sprite.
reception_counter_small_01,reception_counter_small_01.png,reception,counters,reception_counter_small,1,default,clean,everyday_world_common,32,8,58,57,2,1,bottom_center,approved,pass,0,,reception;counter;small;lobby;modular,source/generated/incoming/rastalr_reception_01_core_front_desk.png,staging/pending/normalized/reception_counter_small_01.png,Production batch 04; top-center core-front-desk sheet sprite.
reception_counter_straight_01,reception_counter_straight_01.png,reception,service_counter,reception_counter_straight,1,default,clean,everyday_world_common,32,8,73,41,2,1,bottom_center,approved,pass,0,,counter;reception;desk;service;straight;furniture,source/generated/incoming/pilot_batch_a_sheet.png,staging/pending/normalized/reception_counter_straight_01.png,Pilot Batch A; bottom-right source-sheet sprite.
reception_information_stand_01,reception_information_stand_01.png,reception,information,reception_information_stand,1,default,clean,everyday_world_common,32,8,31,59,1,1,bottom_center,approved,pass,0,,reception;information;brochure;stand;lobby,source/generated/incoming/rastalr_reception_01_core_front_desk.png,staging/pending/normalized/reception_information_stand_01.png,Production batch 04; bottom-right core-front-desk sheet sprite.
reception_medical_sign_stand_01,reception_medical_sign_stand_01.png,reception,signage,reception_medical_sign_stand,1,default,clean,hospital_only,32,8,20,52,1,1,bottom_center,approved,pass,0,,reception;medical;sign;stand;wayfinding,source/generated/incoming/rastalr_reception_02_waiting_queue.png,staging/pending/normalized/reception_medical_sign_stand_01.png,Production batch 04; bottom-right waiting-queue sheet sprite.
recycling_bin_01,recycling_bin_01.png,reception,waste,recycling_bin,1,default,clean,everyday_world_common,32,8,33,51,1,1,bottom_center,approved,pass,0,,recycling;bin;waste;utility;lobby,source/generated/incoming/rastalr_reception_03_lobby_utilities.png,staging/pending/normalized/recycling_bin_01.png,Production batch 04; top-center-right lobby-utilities sheet sprite.
refrigerated_centrifuge_01,refrigerated_centrifuge_01.png,laboratory,centrifugation,refrigerated_centrifuge,1,default,clean,hospital_only,32,8,52,65,1,1,bottom_center,approved,pass,0,,laboratory;refrigerated;centrifuge;sample_processing,source/generated/incoming/rastalr_laboratory_02_sample_processing.png,staging/pending/normalized/refrigerated_centrifuge_01.png,Batch 09 final laboratory sheet; specialized centrifuge variant.
self_checkin_kiosk_01,self_checkin_kiosk_01.png,reception,kiosks,self_checkin_kiosk,1,default,clean,everyday_world_common,32,8,32,57,1,1,bottom_center,approved,pass,0,,self_checkin;kiosk;screen;reception;lobby,source/generated/incoming/rastalr_reception_01_core_front_desk.png,staging/pending/normalized/self_checkin_kiosk_01.png,Production batch 04; bottom-left core-front-desk sheet sprite.
sharps_bin_01,sharps_bin_01.png,examination,hygiene,sharps_bin,1,default,clean,hospital_only,32,8,38,45,1,1,bottom_center,approved,pass,0,,sharps;bin;hygiene;waste;exam_room,source/generated/incoming/rastalr_exam_03_storage_support.png,staging/pending/normalized/sharps_bin_01.png,Production batch 03; bottom-left storage-support sheet sprite.
small_medical_tray_01,small_medical_tray_01.png,examination,support_items,small_medical_tray,1,default,clean,everyday_world_common,32,8,45,54,1,1,center,approved,pass,0,,medical;tray;small;support;wheels,source/generated/incoming/rastalr_exam_03_storage_support.png,staging/pending/normalized/small_medical_tray_01.png,Production batch 03; bottom-right storage-support sheet sprite.
specimen_storage_cabinet_01,specimen_storage_cabinet_01.png,laboratory,specimen_storage,specimen_storage_cabinet,1,default,clean,everyday_world_common,32,8,46,63,1,1,bottom_center,approved,pass,0,,storage;cabinet;specimen;laboratory,source/generated/incoming/rastalr_laboratory_03_specialized_support.png,staging/pending/normalized/specimen_storage_cabinet_01.png,Batch 09 final laboratory sheet; non-refrigerated storage cabinet.
sterile_equipment_stand_01,sterile_equipment_stand_01.png,surgery,equipment_support,sterile_equipment_stand,1,default,clean,hospital_only,32,8,47,60,1,1,bottom_center,approved,pass,0,,sterile;equipment;stand;adjustable;wheels,source/generated/incoming/rastalr_surgery_02_sterile_equipment_support.png,staging/pending/normalized/sterile_equipment_stand_01.png,Production batch 06; bottom-left sterile-equipment-support sprite.
sterile_supply_cart_01,sterile_supply_cart_01.png,surgery,sterile_supplies,sterile_supply_cart,1,default,clean,hospital_only,32,8,52,57,1,1,bottom_center,approved,pass,0,,sterile;supply;cart;surgery;wheels,source/generated/incoming/rastalr_surgery_alpha_cleanup_01.png,staging/pending/normalized/sterile_supply_cart_01.png,Production batch 06 alpha correction; top-right cleaned source sprite.
stretcher_wall_dock_01,stretcher_wall_dock_01.png,emergency,stretcher_storage,stretcher_wall_dock,1,default,clean,hospital_only,32,8,42,56,1,1,wall_center,approved,warning,0,,stretcher;wall;dock;storage;emergency,source/generated/incoming/rastalr_emergency_03_department_support.png,staging/pending/normalized/stretcher_wall_dock_01.png,Batch 07 top-right.
suction_unit_mobile_01,suction_unit_mobile_01.png,icu,suction,suction_unit_mobile,1,default,clean,hospital_only,32,8,43,68,1,1,bottom_center,approved,warning,0,,icu;suction;mobile;respiratory;wheels,source/generated/incoming/rastalr_icu_02_respiratory_support.png,staging/pending/normalized/suction_unit_mobile_01.png,Production batch 05; bottom-left respiratory-support sheet sprite.
surgical_instrument_table_01,surgical_instrument_table_01.png,surgery,instruments,surgical_instrument_table,1,default,clean,hospital_only,32,8,62,50,2,1,bottom_center,approved,warning,0,,surgical;instrument;table;sterile;wheels,source/generated/incoming/rastalr_surgery_01_operating_room_core.png,staging/pending/normalized/surgical_instrument_table_01.png,Production batch 06; bottom-left operating-room-core sprite.
surgical_instrument_trolley_01,surgical_instrument_trolley_01.png,surgery,instruments,surgical_instrument_trolley,1,default,clean,hospital_only,32,8,61,57,2,1,bottom_center,approved,pass,0,,surgical;instrument;trolley;sterile;wheels,source/generated/incoming/rastalr_surgery_alpha_cleanup_01.png,staging/pending/normalized/surgical_instrument_trolley_01.png,Production batch 06 alpha correction; top-left cleaned source sprite.
surgical_light_ceiling_01,surgical_light_ceiling_01.png,surgery,surgical_lighting,surgical_light_ceiling,1,default,clean,hospital_only,32,8,47,58,1,1,top_center,approved,pass,0,,surgical_light;ceiling;operating_room;lamp;surgery,source/generated/incoming/pilot_batch_b_sheet.png,staging/pending/normalized/surgical_light_ceiling_01.png,Pilot Batch B; bottom-center source-sheet sprite.
surgical_linen_hamper_01,surgical_linen_hamper_01.png,surgery,linen,surgical_linen_hamper,1,default,clean,hospital_only,32,8,47,56,1,1,bottom_center,approved,warning,0,,surgical;linen;hamper;sterile;wheels,source/generated/incoming/rastalr_surgery_02_sterile_equipment_support.png,staging/pending/normalized/surgical_linen_hamper_01.png,Production batch 06; bottom-center sterile-equipment-support sprite.
surgical_scrub_sink_01,surgical_scrub_sink_01.png,surgery,scrub_hygiene,surgical_scrub_sink,1,default,clean,hospital_only,32,8,59,60,2,1,bottom_center,approved,pass,0,,surgical;scrub;sink;hygiene;or,source/generated/incoming/rastalr_surgery_02_sterile_equipment_support.png,staging/pending/normalized/surgical_scrub_sink_01.png,Production batch 06; top-right sterile-equipment-support sprite.
surgical_stool_01,surgical_stool_01.png,surgery,furniture,surgical_stool,1,default,clean,everyday_world_common,32,8,41,57,1,1,bottom_center,approved,pass,0,,surgical;stool;seating;wheels;furniture,source/generated/incoming/rastalr_surgery_01_operating_room_core.png,staging/pending/normalized/surgical_stool_01.png,Production batch 06; bottom-right operating-room-core sprite.
surgical_video_recording_unit_01,surgical_video_recording_unit_01.png,surgery,video_recording,surgical_video_recording_unit,1,default,clean,hospital_only,32,8,51,60,1,1,bottom_center,approved,pass,0,,surgical;video;recording;camera;or;wheels,source/generated/incoming/rastalr_surgery_03_specialized_or_support.png,staging/pending/normalized/surgical_video_recording_unit_01.png,Production batch 06; bottom-center specialized-or-support sprite.
surgical_waste_cart_dual_01,surgical_waste_cart_dual_01.png,surgery,waste,surgical_waste_cart_dual,1,default,clean,hospital_only,32,8,55,55,1,1,bottom_center,approved,pass,0,,surgical;waste;cart;dual;wheels,source/generated/incoming/rastalr_surgery_alpha_cleanup_01.png,staging/pending/normalized/surgical_waste_cart_dual_01.png,Production batch 06 alpha correction; bottom-left cleaned source sprite.
syringe_pump_single_01,syringe_pump_single_01.png,icu,infusion,syringe_pump_single,1,default,clean,hospital_only,32,8,36,61,1,1,bottom_center,approved,pass,0,,icu;syringe_pump;single;infusion;iv;wheels,source/generated/incoming/rastalr_icu_01_critical_care_equipment.png,staging/pending/normalized/syringe_pump_single_01.png,Production batch 05; top-center critical-care-equipment sheet sprite.
tablet_counting_station_01,tablet_counting_station_01.png,pharmacy,tablet_processing,tablet_counting_station,1,default,clean,hospital_only,32,8,57,60,2,1,bottom_center,approved,pass,0,,pharmacy;tablet;counting;preparation,source/generated/incoming/rastalr_pharmacy_02_preparation_packaging.png,staging/pending/normalized/tablet_counting_station_01.png,Batch 10 final pharmacy sheet.
thermometer_dock_01,thermometer_dock_01.png,examination,diagnostics,thermometer_dock,1,default,clean,hospital_only,32,8,33,41,1,1,bottom_center,approved,pass,0,,thermometer;dock;diagnostic;temperature;equipment,source/generated/incoming/rastalr_exam_02_diagnostics.png,staging/pending/normalized/thermometer_dock_01.png,Production batch 03; bottom-left diagnostics sheet sprite.
trauma_equipment_cart_01,trauma_equipment_cart_01.png,emergency,trauma_equipment,trauma_equipment_cart,1,default,clean,hospital_only,32,8,53,61,1,1,bottom_center,approved,warning,0,,trauma;equipment;cart;emergency;wheels,source/generated/incoming/rastalr_emergency_01_trauma_resuscitation.png,staging/pending/normalized/trauma_equipment_cart_01.png,Batch 07 bottom-left.
trauma_immobilization_rack_01,trauma_immobilization_rack_01.png,emergency,trauma_immobilization,trauma_immobilization_rack,1,default,clean,hospital_only,32,8,52,60,1,1,bottom_center,approved,pass,0,,trauma;immobilization;rack;backboard;emergency,source/generated/incoming/rastalr_emergency_02_triage_treatment.png,staging/pending/normalized/trauma_immobilization_rack_01.png,Batch 07 bottom-right.
trauma_overbed_table_01,trauma_overbed_table_01.png,emergency,treatment_furniture,trauma_overbed_table,1,default,clean,everyday_world_common,32,8,56,55,2,1,bottom_center,approved,warning,0,,trauma;overbed;table;wheels,source/generated/incoming/rastalr_emergency_01_trauma_resuscitation.png,staging/pending/normalized/trauma_overbed_table_01.png,Batch 07 bottom-right.
trauma_stretcher_01,trauma_stretcher_01.png,emergency,stretchers,trauma_stretcher,1,default,clean,hospital_only,32,8,62,51,2,1,bottom_center,approved,pass,0,,trauma;stretcher;emergency;wheels,source/generated/incoming/rastalr_emergency_01_trauma_resuscitation.png,staging/pending/normalized/trauma_stretcher_01.png,Batch 07 top-left.
trauma_stretcher_raised_01,trauma_stretcher_raised_01.png,emergency,stretchers,trauma_stretcher_raised,1,default,clean,hospital_only,32,8,62,62,2,1,bottom_center,approved,warning,0,,trauma;stretcher;raised;emergency;wheels,source/generated/incoming/rastalr_emergency_01_trauma_resuscitation.png,staging/pending/normalized/trauma_stretcher_raised_01.png,Batch 07 top-center.
triage_vital_signs_station_01,triage_vital_signs_station_01.png,emergency,triage,triage_vital_signs_station,1,default,clean,hospital_only,32,8,39,59,1,1,bottom_center,approved,warning,0,,triage;vitals;station;emergency;wheels,source/generated/incoming/rastalr_emergency_02_triage_treatment.png,staging/pending/normalized/triage_vital_signs_station_01.png,Batch 07 top-right.
triage_workstation_01,triage_workstation_01.png,emergency,triage,triage_workstation,1,default,clean,hospital_only,32,8,48,57,1,1,bottom_center,approved,pass,0,,triage;workstation;emergency;desk;wheels,source/generated/incoming/rastalr_emergency_02_triage_treatment.png,staging/pending/normalized/triage_workstation_01.png,Batch 07 top-left.
ui_patient_status_01,ui_patient_status_01.png,inventory_ui,patient_status,ui_patient_status,1,default,clean,hospital_only,32,8,41,38,1,1,center,approved,pass,0,,ui;patient;status;health;interface;icon,source/generated/incoming/pilot_batch_c_sheet.png,staging/pending/normalized/ui_patient_status_01.png,Pilot Batch C; approved bottom-middle source-sheet sprite.
ultra_low_freezer_01,ultra_low_freezer_01.png,laboratory,cold_storage,ultra_low_freezer,1,default,clean,hospital_only,32,8,48,67,1,1,bottom_center,approved,pass,0,,laboratory;ultra_low;freezer;cold_storage,source/generated/incoming/rastalr_laboratory_03_specialized_support.png,staging/pending/normalized/ultra_low_freezer_01.png,Batch 09 final laboratory sheet.
unit_dose_packaging_machine_01,unit_dose_packaging_machine_01.png,pharmacy,packaging,unit_dose_packaging_machine,1,default,clean,hospital_only,32,8,63,63,2,1,bottom_center,approved,pass,0,,pharmacy;unit_dose;packaging;machine,source/generated/incoming/rastalr_pharmacy_02_preparation_packaging.png,staging/pending/normalized/unit_dose_packaging_machine_01.png,Batch 10 final pharmacy sheet.
unit_dose_storage_cabinet_01,unit_dose_storage_cabinet_01.png,pharmacy,unit_dose_storage,unit_dose_storage_cabinet,1,default,clean,hospital_only,32,8,53,63,1,1,bottom_center,approved,pass,0,,pharmacy;unit_dose;medication;storage;cabinet,source/generated/incoming/rastalr_pharmacy_01_dispensing_storage.png,staging/pending/normalized/unit_dose_storage_cabinet_01.png,Batch 10 final pharmacy sheet.
ventilator_standard_01,ventilator_standard_01.png,icu,respiratory_support,ventilator_standard,1,default,clean,hospital_only,32,8,43,63,1,1,bottom_center,approved,pass,0,,ventilator;respiratory;icu;monitor;equipment;wheels,source/generated/incoming/pilot_batch_b_sheet.png,staging/pending/normalized/ventilator_standard_01.png,Pilot Batch B; top-right source-sheet sprite.
visitor_chair_patient_room_01,visitor_chair_patient_room_01.png,patient_rooms,visitor_furniture,visitor_chair_patient_room,1,default,clean,everyday_world_common,32,8,48,56,1,1,bottom_center,approved,pass,0,,chair;visitor;seating;patient_room;furniture;teal,source/generated/incoming/rastalr_prod_02_bedside_furniture.png,staging/pending/normalized/visitor_chair_patient_room_01.png,Production batch 01; bottom-right bedside-furniture sheet sprite.
waiting_bench_2seat_01,waiting_bench_2seat_01.png,reception,seating,waiting_bench_2seat,1,default,clean,everyday_world_common,32,8,52,50,2,1,bottom_center,approved,warning,0,,waiting;bench;two_seat;seating;lobby,source/generated/incoming/rastalr_reception_02_waiting_queue.png,staging/pending/normalized/waiting_bench_2seat_01.png,Production batch 04; top-left waiting-queue sheet sprite.
waiting_bench_3seat_01,waiting_bench_3seat_01.png,reception,seating,waiting_bench_3seat,1,default,clean,everyday_world_common,32,8,66,53,3,1,bottom_center,approved,warning,0,,waiting;bench;three_seat;seating;lobby,source/generated/incoming/rastalr_reception_02_waiting_queue.png,staging/pending/normalized/waiting_bench_3seat_01.png,Production batch 04; top-center-left waiting-queue sheet sprite.
waiting_chair_01,waiting_chair_01.png,reception,waiting_seating,waiting_chair,1,default,clean,everyday_world_common,32,8,40,48,1,1,bottom_center,approved,pass,0,,chair;waiting;seating;reception;teal;furniture,source/generated/incoming/pilot_batch_a_sheet.png,staging/pending/normalized/waiting_chair_01.png,Pilot Batch A; top-right source-sheet sprite.
waiting_chair_contrast_01,waiting_chair_contrast_01.png,reception,seating,waiting_chair_contrast,1,default,clean,everyday_world_common,32,8,35,44,1,1,bottom_center,approved,pass,0,,waiting;chair;contrast;seating;lobby,source/generated/incoming/rastalr_reception_02_waiting_queue.png,staging/pending/normalized/waiting_chair_contrast_01.png,Production batch 04; top-right waiting-queue sheet sprite.
waiting_chair_single_01,waiting_chair_single_01.png,reception,seating,waiting_chair_single,1,default,clean,everyday_world_common,32,8,36,45,1,1,bottom_center,approved,pass,0,,waiting;chair;single;seating;lobby,source/generated/incoming/rastalr_reception_02_waiting_queue.png,staging/pending/normalized/waiting_chair_single_01.png,Production batch 04; top-center-right waiting-queue sheet sprite.
wall_diagnostic_set_01,wall_diagnostic_set_01.png,examination,diagnostics,wall_diagnostic_set,1,default,clean,hospital_only,32,8,50,42,1,1,wall_center,approved,pass,0,,wall;diagnostic;blood_pressure;otoscope;examination,source/generated/incoming/rastalr_exam_02_diagnostics.png,staging/pending/normalized/wall_diagnostic_set_01.png,Production batch 03; top-center-right diagnostics sheet sprite.
wall_medical_rail_01,wall_medical_rail_01.png,patient_rooms,patient_support,wall_medical_rail,1,default,clean,hospital_only,32,8,69,36,2,1,wall_center,approved,pass,0,,wall;medical_rail;outlets;patient_support;utility,source/generated/incoming/rastalr_correction_wall_medical_rail_01.png,staging/pending/normalized/wall_medical_rail_01.png,Production batch 02 correction; approved rail source with transparent source margin.
wall_oxygen_panel_01,wall_oxygen_panel_01.png,patient_rooms,patient_support,wall_oxygen_panel,1,default,clean,hospital_only,32,8,54,38,1,1,wall_center,approved,pass,0,,oxygen;wall;panel;patient_support;outlet;medical_gas,source/generated/incoming/rastalr_prod_03_privacy_support.png,staging/pending/normalized/wall_oxygen_panel_01.png,Production batch 01; bottom-left privacy-support sheet sprite.
warming_infusion_trolley_01,warming_infusion_trolley_01.png,surgery,warming_infusion,warming_infusion_trolley,1,default,clean,hospital_only,32,8,56,57,1,1,bottom_center,approved,warning,0,,warming;infusion;trolley;surgery;wheels,source/generated/incoming/rastalr_surgery_03_specialized_or_support.png,staging/pending/normalized/warming_infusion_trolley_01.png,Production batch 06; bottom-right specialized-or-support sprite.
water_cooler_01,water_cooler_01.png,reception,utilities,water_cooler,1,default,clean,everyday_world_common,32,8,35,65,1,1,bottom_center,approved,pass,0,,water;cooler;utility;lobby;cups,source/generated/incoming/rastalr_reception_03_lobby_utilities.png,staging/pending/normalized/water_cooler_01.png,Production batch 04; top-center-left lobby-utilities sheet sprite.
wheelchair_standard_01,wheelchair_standard_01.png,reception,mobility,wheelchair_standard,1,default,clean,everyday_world_common,32,8,63,60,1,1,bottom_center,approved,pass,0,,wheelchair;mobility;patient;seating;accessibility,source/generated/incoming/rastalr_reception_03_lobby_utilities.png,staging/pending/normalized/wheelchair_standard_01.png,Production batch 04; bottom-center lobby-utilities sheet sprite.
